ID,label,start
3150,,2011-02-20
2093,The Chocobots' leader,1998-04-19
1599,Nigel (manager),1993-09-30
3028,Princess Palomita of Prussia,2010-02-14
2767,Shadow Knight,2007-04-22
1156,Bigfoot's Capturer,1990-02-18
1525,Jack Larson,1992-10-15
1892,Grandpa Van Houten,1996-04-28
2714,Dr. Brentano,2006-09-17
1004,Maggie Simpson,1989-12-17
2921,Dylan Spuckler,2008-11-16
2839,Robert Terwilliger Sr.,2007-11-25
3284,Ms. Cantwell,2013-03-10
2952,Red Fox,2009-03-15
1974,Japanese Mafia Don (page does not exist),1997-01-19
2011,Platt,1997-05-18
1439,Louie (mafia),1991-10-10
1594,Hugh Hefner,1993-05-13
1967,Burns' Alien,1997-01-12
3190,Rosemary Chalmers,2011-10-02
3081,Ethan Ballantyne,2010-09-26
2658,Hugs Bunny,2005-11-27
1469,Chocolate Dog,1991-12-05
2323,Gary (nerd),2001-02-18
2955,wikipedia:Markéta Irglová,2009-03-22
3192,Lewis' father,2011-11-06
2052,Dr. Marvin Monroe,1998-01-04
1427,Kearney,1991-10-03
1368,The Larry Davis Experience,1991-01-31
2569,Dalai Lama,2004-05-02
2639,Homer's cousin,2005-09-11
1444,Hercules,1991-10-17
1132,White-Haired Girl,1990-02-04
2890,Melody,2008-11-02
1174,Woman Interviewer,1990-02-18
2856,Chazz Busby,2008-03-30
1621,Üter Zörker,1993-10-28
1595,Red Hot Chili Peppers,1993-05-13
1934,Cool kid,1996-11-03
1803,Milhouse (Shelbyville),1995-05-14
2496,Cleanie,2003-04-27
2245,Bender,2000-02-20
2217,Larry Kidkill,1999-11-21
2281,George Cauldron,2000-11-01
1715,Robert Terwilliger,1994-10-09
3234,Hadley Richardson,2012-02-12
2644,Frederick Ives,2005-09-18
2094,Major Nougat,1998-04-19
2054,Spud,1998-01-11
1722,Sherman,1994-10-30
3201,Kirk Simpson,2011-12-11
2951,Mr. Becker,2009-03-01
2643,Count von Count,2005-09-18
1989,Sandwich Delivery Guy,1997-03-02
3322,Mrs. Zörker,2013-11-10
2762,Moe (Earthland Realms),2007-04-22
1294,Dimoxinil user,1990-10-18
3334,Kumiko,2014-01-12
2789,Warrior Marge,2007-04-22
2544,Stanley Roper,2004-02-15
2477,Inanimate carbon rod,2003-03-16
2726,Unicorn Wizard,2006-12-10
1627,Lizzy Borden (page does not exist),1993-10-28
2786,Bishop Ned,2007-04-22
2953,Tom O'Flanagan,2009-03-22
2036,Beatrice,1997-11-16
2623,Andre,2005-05-15
1514,Ms. Sinclair,1992-10-01
2552,Henry (Smart and Smarter),2004-02-22
1754,Bruno Drundridge,1995-02-19
2657,Radioactive Man,2005-11-13
3230,Sherri and Terri's sister,2012-02-12
1056,Hypnotist,1989-12-17
1339,Roger Meyers Jr.,1990-12-20
2635,Professor Pigskin,2005-09-11
2579,Jet,2004-12-05
1728,Jessica Lovejoy,1994-11-06
3114,Martha Stewart (character),2010-12-05
1105,Old Dad,1990-01-28
2675,&quot;Where the Redfern Grows&quot; 5th grader,2006-01-29
2691,Richard Dean Anderson,2006-04-09
2676,Fun Homer,2006-01-29
2750,Dark Stanley,2007-03-04
1171,Phil's Aide,1990-02-18
2247,wikipedia:Elmo,2000-02-20
1683,Elf Dwarf,1994-04-14
1833,Dr. Hibbert's Daughter,1995-10-08
2725,Wizard Twins,2006-12-10
2723,Headmaster Greystash,2006-12-10
3283,Wesley Spuckler,2013-02-10
2370,J. Loren Pryor,2002-01-20
3179,Everyman,2011-09-25
1674,Stan Taylor,1994-03-17
2654,Dennis Rodman,2005-11-06
1280,Mayor Quimby,1990-10-11
3474,Mr. Sparkle,2016-02-21
2253,Michael Finn,2000-02-27
2331,Francine Rhenquist,2001-03-11
1531,Sue Dokes (page does not exist),1992-10-29
2480,Simon (cameraman),2003-03-30
2986,Caitlin (Waverly Hills 9-0-2-1-D'oh),2009-05-03
2070,Morningwood Guard,1998-03-22
2892,Bestimus Muchos,2008-11-02
1346,Della,1991-01-10
1589,Gabbo,1993-05-13
2988,Kate Lynn﻿,2009-05-03
1144,Crowd,1990-02-11
2689,Verity Heathbar,2006-03-26
2460,Ken Burns (page does not exist),2003-02-09
1988,Kyle's Father,1997-03-02
2058,Jay Leno,1998-02-22
1986,Merl,1997-02-23
1392,Miss Hoover,1991-04-11
1493,Donna's friend,1992-02-27
2155,Gwen the Waitress,1999-03-28
1548,Captain McCallister,1992-12-03
1655,Jimbo,1993-12-16
1487,Emma (robot),1992-02-27
3287,Dick Testiclees,2013-03-10
3337,The Fracker,2014-01-12
1868,Unnamed girl with brown hair (page does not exist),1996-01-07
1375,Herbert Powell,1991-02-21
1453,Tina Ballerina,1991-10-24
1780,Mrs. Vanderbilt,1995-04-09
2363,Mr. Johansen,2002-01-06
1639,Ernest Borgnine (character),1993-11-18
2456,Unnamed female bodybuilder (black hair),2003-02-02
2865,Solar Panel,2008-04-27
3292,The Dependables,2013-03-17
1151,Janey Powell,1990-02-11
2035,Prudence,1997-11-16
2927,Mina bin Laden,2008-11-30
1682,Christmas Boy,1994-04-14
1037,Dewey Largo,1989-12-17
1693,Pool Shark Salesman,1994-09-04
2488,Grady,2003-04-13
3464,Slightly Creepy Boy,2015-12-06
2215,Kwik-E-Mart,1999-11-07
2062,Renee,1998-03-01
2339,Thelonious,2001-04-29
1459,Ronnie Beck,1991-11-14
1372,Groundskeeper Willie,1991-02-14
2283,Chester Lampwick,2000-11-01
2153,Marlin,1999-03-28
1618,Adolf Hitler,1993-10-21
3379,Fontanelle Spuckler,2014-10-12
2758,Alf,2007-04-22
3341,Citizen Solar,2014-01-12
1903,Baron von Herzenberger,1996-04-28
1725,742 Evergreen Terrace,1994-10-30
1679,Cletus Spuckler,1994-03-31
1657,Robert Goulet (character),1993-12-16
3340,Petroleus Rex,2014-01-12
2548,Nadia Comăneci,2004-02-15
3447,Waverly Hills Boy 3,2015-05-17
2969,Inga,2009-04-19
3445,Waverly Hills Boy 1,2015-05-17
2656,Robusto,2005-11-13
2135,Babe Ruth IV,1999-01-17
1569,Richard Nixon,1993-02-18
3309,Sherman from IT,2013-09-29
2780,Manchester United,2007-04-22
1101,Mr. Winfield,1990-01-21
1266,Arnie Pye,1990-05-13
2013,Rangemaster,1997-05-18
2783,Flying Head Nelson,2007-04-22
3261,Mayan scientist,2012-10-07
3248,Pontius Pilate,2012-05-13
1921,Music Store Clerk (page does not exist),1996-05-26
2735,Officer Joe,2007-01-07
2532,Cyrus Manley,2004-01-25
3315,Lois Griffin,2013-09-29
2118,Seth,1998-11-15
3399,Professor Hubert J. Farnsworth,2014-11-09
3265,Gulp N Blow Waitress,2012-11-11
2060,Bobcat Goldthwait,1998-02-22
3077,Bonnie Flanders,2010-05-16
2005,Judge Snyder,1997-05-11
1475,Sting,1992-01-09
3165,David Copperfield (character),2011-04-10
1629,John Herbert Dillinger (page does not exist),1993-10-28
1755,Evan Conover,1995-02-19
1371,Hans Moleman,1991-02-14
2932,Jordan (country),2008-11-30
1341,Hortense Simpson,1991-01-10
1601,George Harrison (character),1993-09-30
1976,Superintendent Chalmers,1997-02-07
1878,Krusty The Clown (page does not exist),1996-03-17
3371,Tripod Spuckler,2014-05-18
3247,Herschel Krustofski,2012-05-06
1550,Johnny Carson,1992-12-03
2041,Manjula's Mother,1997-11-16
2616,Knockers Bar Maid,2005-05-08
2158,Clerk,1999-03-28
1775,Esquilax,1995-03-19
1905,Leon Kompowsky,1996-05-05
1796,Ward,1995-05-07
3051,Junior,2010-03-14
2149,Red Barclay,1999-03-28
2409,Angry Dad,2002-04-28
1513,Llewellyn Sinclair,1992-10-01
3225,Miss Wyoming's boyfriend,2012-02-12
1536,Jack Marley,1992-11-05
1534,Arthur (Student),1992-11-03
1870,Barbara Bush,1996-01-14
3186,Wayne Slater's boss,2011-09-25
2396,Co-Pilot (page does not exist),2002-03-31
1248,America's Most Armed and Dangerous Presenter,1990-05-13
3428,Sven Golly,2015-01-11
3477,Paul,2016-03-13
1675,Agnes Flanders,1994-03-17
1807,Lisa's friend,1995-05-14
3358,Bart's Raccoon,2014-04-06
1390,Professor Frink,1991-03-28
2004,The Yes Guy,1997-05-11
1523,Amber Dempsey,1992-10-15
2470,Booberella,2003-02-16
1000,Homer Simpson,1989-12-17
1830,Dr. Hibbert's Second Son,1995-10-08
1805,Shelbyville Nelson,1995-05-14
3251,Sleazy Sam,2012-05-13
2684,Carl's dad,2006-03-12
1407,Dirk Richter,1991-05-09
2427,Sam and Larry (page does not exist),2002-05-19
3164,Ricky Jay (character),2011-04-10
3404,Timothy Lovejoy Sr. (page does not exist),2014-11-09
1566,Johnny (soldier),1993-02-11
1558,Princess Opal (page does not exist),1993-01-21
2223,Poonam Nahasapeemapetilon,1999-11-21
1423,Great Mom,1991-10-03
3279,Portia,2013-01-27
2372,Annex Adminstrator,2002-01-20
3326,The Itchy &amp; Scratchy Show,2013-11-17
2269,Queen Elizabeth II,2000-05-21
3113,Martha Stewart,2010-12-05
3348,Plaque-Ula (page does not exist),2014-01-12
1620,Charles Lindbergh (Character),1993-10-21
3299,Mr. Clark,2013-04-28
1122,Scratchy,1990-01-28
1478,Girl with pigtails (page does not exist),1992-01-23
1677,Great Son,1994-03-31
3227,El Puerco's first girlfriend,2012-02-12
2897,Sedan Bot,2008-11-02
1446,Comic Book Guy,1991-10-17
3266,Joey the Arsonist,2012-11-18
2214,Darth Maul,1999-10-31
2278,Baby Bear,2000-11-01
2716,Bad-Check Mazursky,2006-09-17
2128,Amber Simpson,1999-01-10
2861,Mary Spuckler,2008-04-27
2541,Bunny Foofoo,2004-02-15
2922,Ilsa,2008-11-16
2243,Craig,2000-02-20
3389,Pvt. Leonard 'Gomer Pyle' Lawrence,2014-10-19
1744,Joey (And Maggie Makes Three),1995-01-22
1211,Mike (Homer's Night Out),1990-03-25
2828,Norbert Van Houten,2007-11-11
2408,Colin,2002-04-21
1403,Snake Jailbird,1991-05-02
2076,Village People Dancers (page does not exist),1998-03-29
3249,Fit Fat Tony,2012-05-13
2226,Wolfguy Jack,1999-11-28
3008,Cassandra,2009-11-29
3409,Gwendolyn Hertzfeld-Mastroantonio,2014-11-16
2144,Lance Kaufman,1999-02-07
1189,Dolph Starbeam,1990-02-25
1382,Emily Winthrop,1991-03-07
3176,Embry Joe Spuckler,2011-05-15
3142,Mrs. Szyslak,2011-01-16
1067,Bullfighter,1990-01-14
1249,Babysitting Lady,1990-05-13
2400,Man in Bird Costume (page does not exist),2002-03-31
1208,Foxy Boxing Guy,1990-03-25
1426,Martha Prince,1991-10-03
1111,Norman Rockwell-esque Family,1990-01-28
1162,Rabbit (The Call of the Simpsons),1990-02-18
2655,Witch (Treehouse of Horror XVI),2005-11-06
2748,International Harvester Spuckler,2007-03-04
3432,Albert,2015-02-08
3060,Michelle Obama,2010-03-21
2205,Tom Arnold,1999-10-31
1370,Drederick Tatum,1991-02-07
2550,Lancelot Link,2004-02-15
1160,Kirst's Husband,1990-02-18
2760,Enchantra,2007-04-22
1990,Rex Banner,1997-03-16
3370,Giuseppe Granfinali,2014-05-18
1592,Parasite,1993-05-13
1275,Evil Grandma,1990-10-11
2450,Cletus,2003-01-05
3468,Conrad,2016-01-03
1196,Jacques,1990-03-18
2074,Donut Lawyer (page does not exist),1998-03-29
1104,Cashier (pawn shop),1990-01-28
2884,Denis Leary (character),2008-10-05
1366,Clancy Bouvier,1991-01-31
2407,Kang and Kodos,2002-04-21
1338,Lewis,1990-12-20
1605,Nuclear Inspectors,1993-10-14
2671,Cyrus Simpson,2005-12-18
2818,Barry Duffman,2007-09-23
2431,Carmen Electra (character),2002-05-19
1455,Kodos,1991-10-31
3211,Hospital administrator (future),2011-12-11
3308,Eco-friendly Activists,2013-09-29
1814,Shelbyville Elementary Groundskeeper,1995-05-14
2560,Gina Vendetti,2004-03-28
2611,Gheet,2005-04-17
1591,Worker,1993-05-13
2670,Mr. Mackleberry,2005-12-18
2117,Munchie,1998-11-15
1048,Head of Santa School,1989-12-17
1311,Pallas (page does not exist),1990-10-25
2029,Ameil,1997-11-16
1310,Moving Man,1990-10-25
1822,Dr. Hector von Colossus,1995-09-17
2227,Jay North,1999-11-28
3490,Matt Leinart (character),2016-11-20
3140,Grizzly Shaun,2011-01-16
2378,Maxtone Witherball (page does not exist),2002-01-27
2068,Robot Controller,1998-03-22
2542,Isabel Sanford (character),2004-02-15
1313,Seraphim,1990-10-25
2433,Arthur,2002-05-22
2556,Yoda (parody),2004-03-21
2840,Dame Judith Underdunk,2007-11-25
1461,Hugh Jass,1991-11-21
2186,Robyn Hannah,1999-09-26
2859,Wile E. Coyote,2008-03-30
2850,Sex Pistols,2008-02-17
2820,Dwight Diddlehopper,2007-10-14
2527,Esme Delacroix,2004-01-25
2873,Other Krustkateers,2008-05-18
3290,The Abominable Dr. Lenny,2013-03-17
1255,Larry Davis,1990-05-13
3419,Sticky-Fingers Stella,2014-11-16
1061,Brown Long Haired Girl,1989-12-17
3238,Robin Williams,2012-03-11
3006,Andy Hamilton,2009-11-22
3075,Ted Flanders,2010-05-16
2598,Cassidy Spuckler,2005-04-03
2987,Katelyn (Waverly Hills 9-0-2-1-D'oh),2009-05-03
3407,Principal Weinberg,2014-11-16
2318,Radioactive Ape,2001-02-04
3318,Stewie Griffin,2013-09-29
3414,Owl Haven Ranger,2014-11-16
1484,Rodrigo,1992-02-06
2868,Q-Bert Spuckler,2008-04-27
3110,Stephen King,2010-11-21
2624,Demonic Teddy Bear,2005-05-15
2132,Cyndi Lauper (character),1999-01-17
2375,Hippie,2002-01-20
2150,Tony Randall,1999-03-28
2294,Caleb,2000-11-19
2912,Sideshow Mel/Gallery,2008-11-02
1209,Girlesque Guy,1990-03-25
2012,Anderson,1997-05-18
2391,Homer's Kidnappers,2002-03-31
1438,Legs,1991-10-10
2575,Joe Quimby's son,2004-12-05
2961,Boy with Bangs (page does not exist),2009-04-19
2559,Mayor Quimby's niece,2004-03-28
1010,Snowball II,1989-12-17
2412,Geoff Jenkins,2002-04-28
3323,Lewis' Father,2013-11-10
2225,Nabendu Nahasapeemapetilon,1999-11-21
1498,Mr. Glascock,1992-02-27
3316,Chris Griffin,2013-09-29
3410,Principal Sackett,2014-11-16
2508,Mr. Kupferberg,2003-11-16
2312,Curly-haired boy,2001-01-07
2867,Rubella Scabies Spuckler,2008-04-27
1718,Springfield Republican Party,1994-10-09
3126,Chris,2011-01-09
1063,Smart Boy 2,1989-12-17
1327,Capital City Goofball,1990-11-08
3064,Dorit,2010-03-28
1451,Rabbi Hyman Krustofsky,1991-10-24
1549,Grandma Flanders,1992-12-03
3106,Cloisters Academy,2010-11-14
2593,Veronica,2005-02-20
1262,Marge's demons,1990-05-13
2879,The Incredible Hulk,2008-09-28
1895,Fernando Vidal,1996-04-28
1975,Laura,1997-02-07
2492,Karen,2003-04-13
2167,Engineer,1999-03-28
1584,Miss Springfield,1993-04-29
3288,Janet Reno (character),2013-03-17
1597,Luke Perry,1993-05-13
2864,Compost,2008-04-27
1708,Bort's Mother,1994-10-02
2719,Female Golem,2006-11-05
2066,Dr. Simpson,1998-03-08
3163,House of Evil Shopkeeper,2011-04-10
2106,Officer Sniffy,1998-05-17
1552,Lyle Lanley,1993-01-14
2030,Gladys,1997-11-16
1926,London Symphony Orchestra (page does not exist),1996-05-26
2045,Horatio McAllister,1997-12-07
3387,Hellroads Student (3),2014-10-19
2395,Fernando (page does not exist),2002-03-31
2871,CJ,2008-05-18
3374,Rachel Krustofsky,2014-09-28
3233,Talking parrot,2012-02-12
1949,Mr. Starbeam,1996-11-10
1500,Music Teacher,1992-02-27
1520,Sara (Student),1992-10-15
1557,Jub-Jub,1993-01-21
2854,Zack (Sneakers),2008-03-09
1555,Bitey,1993-01-14
2486,Stuart,2003-04-13
1305,Binky,1990-10-25
1409,Joe Quimby,1991-05-09
3183,Pinhead (Hellraiser),2011-09-25
3386,Hellroads Student (2) (page does not exist),2014-10-19
2799,Bomb Disarming Robot,2007-07-27
2808,Hillary Clinton,2007-07-27
2175,Jerry Rude,1999-05-02
2206,Micheal O'Connor,1999-10-31
1611,Daphne Burns,1993-10-21
2754,Enrico Irritazio,2007-03-25
1777,She's the Fastest,1995-04-09
1396,Smug Girl,1991-04-25
1983,John (Homer's Phobia),1997-02-16
3083,Lea Michele (character),2010-09-26
2090,Mojo the Helper Monkey,1998-04-19
1321,Charles Darwin,1990-11-01
2302,Number 2,2000-12-03
1331,Bill and Marty,1990-11-22
3274,Proctor Perkins,2013-01-13
2297,Number 6,2000-12-03
2775,Troll Jimbo,2007-04-22
2816,Lionel Richie (character),2007-09-23
3024,Valerie Rothman,2010-01-31
2744,Birthday Spuckler,2007-03-04
2872,Cubby,2008-05-18
1824,Fallout Boy,1995-09-24
3055,Bodhi,2010-03-21
3195,Angry Birds,2011-11-13
2756,Fat Wizard,2007-04-22
1881,Dr. Zaius,1996-03-24
3065,Annie (Ant),2010-04-11
3388,Stanley Kubrick,2014-10-19
2959,Howard's son,2009-03-29
3037,Mabel Simpson,2010-02-21
2161,Old woman,1999-03-28
1842,Paul Anka,1995-10-29
3282,Brittany Spuckler,2013-02-10
3478,Jack Deforest,2016-04-03
1502,Lurleen Lumpkin,1992-03-26
3350,Reverend Brogan,2014-03-09
2081,Naval Sign-up Officer (page does not exist),1998-03-29
2055,Fantastic Dan,1998-01-11
1862,Lee Carvallo,1995-12-17
2555,Jim-Jam Bonks,2004-03-21
3002,Chuck Liddell (character),2009-10-11
2121,Brown-haired boy,1998-11-22
2843,Jon Stewart (character),2008-01-06
1344,Lionel Hutz,1991-01-10
1863,Gavin,1995-12-17
1398,Afro Girl,1991-04-25
2078,Pastry Chef (page does not exist),1998-03-29
2129,Ginger Flanders,1999-01-10
1308,Lenore,1990-10-25
2019,Jer,1997-10-19
2088,wikipedia:Fidel Castro,1998-04-05
3135,Sheldon,2011-01-16
2410,Groundskeeper Seamus,2002-04-28
1288,White Weasel,1990-10-11
3061,WALL·E,2010-03-21
3467,Girl with necklace,2015-12-06
3100,Isotots commentator,2010-10-10
2443,Tom Brokaw,2002-11-17
2024,Joe Namath (Character),1997-11-09
2995,Inga (Coming to Homerica),2009-05-17
1022,German Santa Girl,1989-12-17
3466,Psychopath Kid,2015-12-06
1588,Barry White,1993-05-13
1450,Luann Van Houten,1991-10-17
2978,Brittany (Student),2009-04-26
2766,Barbarian Smithers,2007-04-22
3351,Wilbur,2014-03-16
2365,Gabriel,2002-01-06
2324,Ron Howard (character),2001-02-18
2182,Wink,1999-05-16
1616,Jimmy Carter,1993-10-21
1736,Godfrey Jones,1994-11-27
2364,Brenda,2002-01-06
2340,Linguo,2001-04-29
1070,Carmen Opera Singer,1990-01-14
1505,Ezekiel,1992-05-07
1202,Carl Carlson,1990-03-25
2928,The Genie,2008-11-30
2418,Dakota (Orange),2002-05-12
1948,Switchyard Sullivan,1996-11-10
3305,Moe's Grandmother,2013-09-29
2695,Melanie Upfoot,2006-04-30
1330,Ralph (Dead Putting Society),1990-11-15
2586,50 Cent (character),2005-02-13
2420,Tina,2002-05-12
1290,Chief Wiggum,1990-10-11
1264,News Reporter (Some Enchanted Evening 1),1990-05-13
1299,Guy Who Watched Homer's Speech 2,1990-10-18
2188,Audrey McConnell's Student 8,1999-09-26
1298,Guy Who Watched Homer's Speech 1,1990-10-18
3068,Audrey McConnell's Student 6,2010-04-18
3355,Pokey,2014-03-23
2792,Audrey McConnell's Student 4,2007-05-27
3062,Audrey McConnell's Student 5,2010-03-21
2187,Audrey McConnell's Student 2,1999-09-26
2489,Homer's Lhasa Apso,2003-04-13
2963,Audrey McConnell's Student 1,2009-04-19
1018,Milhouse Van Houten,1989-12-17
2797,Medicine Woman,2007-07-27
1764,Anthony Hopkins,1995-03-05
1544,Abby,1992-11-12
1073,Hamster Number 2,1990-01-14
1113,The Happy Little Elves,1990-01-28
1193,Bowl-O-Rama Clerk,1990-03-18
2765,Warrior Comic Book Guy,2007-04-22
2228,Meathook,1999-11-28
1800,Jericho,1995-05-07
1763,Señor Spielbergo,1995-03-05
2710,Bambi,2006-05-14
2817,Svetlana,2007-09-23
3206,Maude Flanders (ghost),2011-12-11
1532,Itchy &amp; Scratchy,1992-11-03
3398,Dr. Zoidberg,2014-11-09
2445,Squiggy,2002-12-01
3385,Hellroads Student (page does not exist),2014-10-19
2518,Mrs. Powell (Janey's Mother),2004-01-04
2513,Ian McKellen (character),2003-11-23
2459,Lisa Leslie,2003-02-09
1904,Rev. Lovejoy,1996-05-05
1789,Unnamed parent,1995-04-16
2894,Kitchen Bots,2008-11-02
1940,Warren,1996-11-03
1890,Handsome Pete,1996-04-14
2665,Francesca Terwilliger,2005-12-11
1139,Retirement Castle Adminstrator (Bart the General),1990-02-04
2876,Wolf the Bounty Hunter,2008-09-28
1734,Gamera,1994-11-13
2347,Harry Potter,2001-11-06
2553,Galactic senator,2004-03-21
1293,Dr. H. Boyle,1990-10-18
1281,Long John Silver,1990-10-11
2994,Ogdenville Boy,2009-05-17
1590,Arthur Crandall,1993-05-13
1696,Allison Taylor,1994-09-11
3485,Julia (Friends and Family),2016-10-02
2769,Pixie,2007-04-22
2697,Jake Boyman,2006-04-30
1465,Hans,1991-12-05
1349,Herman,1991-01-10
2050,Poor Violet,1997-12-21
2154,Nureen,1999-03-28
2053,Cooder,1998-01-11
2739,Yum Yum Fish,2007-01-07
2131,Squeaky-voiced Teen,1999-01-10
1050,Santa's Little Helper's original owner,1989-12-17
1233,SWAT Agent,1990-04-15
1354,Rainier Wolfcastle,1991-01-31
3453,Tyler Boom,2015-10-04
1013,Nelson Muntz,1989-12-17
2708,Clarice Dremond,2006-05-14
1049,Mervin Monroe,1989-12-17
1496,Mr. Palaccio,1992-02-27
1688,Judge Constance Harm,1994-05-05
3244,Portuguese Boy,2012-04-29
1769,Hugh Parkfield,1995-03-19
2694,Juliana Krellner,2006-04-30
2499,H.K. Duff VII (page does not exist),2003-05-04
3216,Empress Zimzam,2011-12-11
2308,[[Milhouse Van Houten],2000-12-17
3218,Larry (barfly (page does not exist),2012-01-29
3059,Brody McKenna,2010-03-21
2545,Paul Lynde,2004-02-15
1127,Abe Simpson,1990-02-04
1793,Lumpy,1995-04-30
2270,Willie Nelson,2000-05-21
3079,Gloria's Older Son,2010-05-23
2109,Milhouse's Date,1998-08-23
1535,Surly Joe,1992-11-05
2533,Jealousy,2004-01-25
1545,Abigail,1992-11-12
3181,Gogo Yubari,2011-09-25
3339,Old King Coal,2014-01-12
3347,Dr. Seapero (page does not exist),2014-01-12
3417,Springfield Nuclear Power Plant employee,2014-11-16
1069,Boris Csupowski,1990-01-14
1322,Hairdresser,1990-11-01
2965,Donald,2009-04-19
3375,Mini-Ha-Ha,2014-09-28
3301,Ben (Dangers on a Train),2013-05-19
2901,Squishee Machine Bot,2008-11-02
2700,Tracy,2006-05-07
2866,Stabbed in Jail Spuckler,2008-04-27
1746,Boy with freckles,1995-02-05
1431,Lenny,1991-10-03
1516,Abarham Simpson (page does not exist),1992-10-08
3362,Evelyn Trunch,2014-04-27
2983,Blue-haired girl,2009-05-03
1585,Tattoo Annie,1993-05-06
2848,Marvin Cobain,2008-01-27
2738,Fausto,2007-01-07
3426,Dakota (Orange Brown) (page does not exist),2015-01-04
2394,Mr. Movie Phone,2002-03-31
1481,Nick (2),1992-02-06
1685,Luigi Risotto,1994-04-28
2358,Richard Gere (character),2001-12-16
3072,Nigel Bakerbutcher,2010-05-02
3488,UberKid Cyclist,2016-10-23
3103,Roger,2010-11-07
1032,Springfield Downs Dad,1989-12-17
1861,Don Brodka,1995-12-17
3270,Emily,2012-12-09
3438,Leonard Nimoy,2015-03-01
2784,Two-Headed Dragon,2007-04-22
1190,Sideshow Bob,1990-02-25
1820,Bob Arnold,1995-05-21
3390,Kumiko Albertson,2014-11-02
1802,Shelby,1995-05-14
1395,Sherri,1991-04-25
1203,Gulliver Dark,1990-03-25
1038,Moe Szyslak,1989-12-17
1167,Kirst,1990-02-18
1393,Elizabeth Hoover,1991-04-25
1901,Griff McDonald,1996-04-28
3217,Mexican Duffman,2012-01-29
3231,Pyramus,2012-02-12
2993,Hollywood Upstairs Medical College,2009-05-10
2162,Tourist,1999-03-28
3245,Singaporean Girl,2012-04-29
3236,Ernest Hemingway,2012-02-12
1320,Chief Inspector,1990-11-01
1325,Rich Texan,1990-11-08
3476,Barry,2016-03-13
2503,Marriage Counselor (page does not exist),2003-05-11
1786,Milhouse's Tutor,1995-04-16
1394,Wanda,1991-04-25
3487,Dr. Nussbaum,2016-10-02
2415,Ashley (3rd Grader),2002-05-12
1337,Boy with shades,1990-12-20
3054,Darryl,2010-03-21
1521,Lowblow,1992-10-15
3151,Lyla,2011-03-06
2787,Bishop Lovejoy,2007-04-22
2973,[[Janey Powell,2009-04-26
1624,Grim Reaper,1993-10-28
3475,Dr. Lionel Budgie,2016-03-06
3429,El Homo,2015-01-11
1072,Hamster Number 1,1990-01-14
1379,Pasta Villa (page does not exist),1991-02-21
3271,T-Rex,2012-12-09
3449,Waverly Hills Girl 1,2015-05-17
3421,Blazing Guy Member 4,2014-11-16
2280,Suzanne,2000-11-01
1582,Hans (business man),1993-04-29
3413,Blazing Guy Member 3,2014-11-16
3411,Blazing Guy Member 1,2014-11-16
1617,The Ramones (characters),1993-10-21
2849,Unnamed smoking man,2008-01-27
1385,Grandpa Simpson,1991-03-28
1809,Shelbyville boy,1995-05-14
1919,Rick,1996-05-19
2989,Waverly Hills Elementary School teacher,2009-05-03
2944,List of Star Wars Characters,2009-01-25
1152,Ref,1990-02-11
1277,Gorilla the Conqueror,1990-10-11
3052,Ash Ketchum,2010-03-14
3369,Database's Girlfriend,2014-05-11
2124,State Comptroller Atkins,1998-11-22
1342,Orville Simpson,1991-01-10
2473,Helen Fielding,2003-03-02
1596,Elizabeth Taylor,1993-05-13
1604,Terri Mackleberry,1993-10-07
2432,Uter,2002-05-22
2113,Jason Voorhees,1998-10-25
2531,Captain Mordecai Barrows,2004-01-25
2687,Doug (camera man),2006-03-26
2110,Bill,1998-09-20
1887,Emma,1996-04-14
1043,Daria,1989-12-17
3016,Marshall Goldman,2010-01-03
1130,Coward,1990-02-04
1579,Harvard Graduate,1993-04-15
2134,Fishbone Walker,1999-01-17
1303,Power Plant Employee (Simpson and Delilah),1990-10-18
3356,El Divo,2014-03-30
1030,Todd Flanders,1989-12-17
1920,Dean,1996-05-19
3119,Mike's Student 3,2011-01-09
3121,Mike's Student 2,2011-01-09
1064,Larry (barfly),1989-12-17
1844,Lard Lad,1995-10-29
1300,Jake the Barber,1990-10-18
1215,Rusty Barnacle Waiter,1990-03-25
2046,Gil Gunderson,1997-12-07
1016,Lewis's lookalike,1989-12-17
3173,Disco Stu's girlfriend,2011-05-08
1179,Mr. Dandy,1990-02-25
3460,Harper Jambowski,2015-11-08
2918,Alberto,2008-11-09
2085,One-eyed Veteran (page does not exist),1998-03-29
3425,Rigellian Queen,2015-01-04
3430,Elon Musk,2015-01-25
3221,Adam Savage (character),2012-02-12
1306,Evil House,1990-10-25
2659,Tammy,2005-11-27
2945,Mr. Hobbes,2009-01-25
2829,Mr. Johnson,2007-11-11
2314,Tyler (Female 3rd Grader),2001-01-14
1273,Congressman 3,1990-10-11
1272,Congressman 2,1990-10-11
1271,Congressman 1,1990-10-11
3303,Annie Crawford,2013-09-29
1995,First Church of Springfield,1997-04-27
1568,Chuck's Father,1993-02-18
1278,Reverend Timothy Lovejoy,1990-10-11
1269,Bill (KBBL),1990-10-11
2706,Eve,2006-05-14
2914,Cap'n Crunch,2008-11-09
2104,Brad,1998-05-03
1147,Bleeding Gums Murphy,1990-02-11
2810,Rose Quimby,2007-07-27
1784,Lunch Lady Doris,1995-04-16
1874,Little Bearded Woman,1996-02-11
2982,Shaggy-haired girl,2009-05-03
3169,Spider-Pig,2011-05-01
2742,Moe Szyslak's mother,2007-02-18
2274,Troll,2000-11-01
3405,Mutant Rabbit,2014-11-09
3115,Snow Monster,2010-12-05
2504,Jackson Browne,2003-05-11
2782,Virgin Mary statue,2007-04-22
1832,Dr. Hibbert's First Son,1995-10-08
2259,Sepulveda,2000-04-30
1421,Rod,1991-10-03
2842,Scrat,2007-12-16
1915,Pippi Longstocking,1996-05-19
2333,Mrs. Rhenquist,2001-03-11
2632,Father Sean,2005-05-22
3102,Edmund,2010-11-07
3184,Kobe Bryant,2011-09-25
3431,Arnie Pye in the Sky,2015-01-25
2201,Izzy (page does not exist),1999-10-24
1837,Lord Thistlewick Flanders,1995-10-15
2442,Pikachu,2002-11-17
1979,Mrs. Pennywinkle,1997-02-07
1391,Squeaky-Voiced Teen,1991-04-11
1537,Ruth Powers,1992-11-12
2591,Taylor Spuckler,2005-02-20
2690,Ben Heathbar,2006-03-26
2087,Agent Johnson (page does not exist),1998-04-05
3473,Hettie,2016-02-21
1146,Howard's Mom,1990-02-11
3328,Anderson Cooper (character),2013-11-24
2727,T. R. Francis,2006-12-10
1733,Mothra,1994-11-13
3342,Wind Lad,2014-01-12
2770,Jesminder Bhamra,2007-04-22
1785,Mrs. Pommelhorse,1995-04-16
2506,Don Castellaneta,2003-05-18
3368,Tumi,2014-05-11
2231,Gary Coleman (character),1999-12-19
1283,Waylon Smithers Jr.,1990-10-11
2108,Dash Dingo,1998-08-23
2573,League of Evil,2004-05-23
1644,Isaac Newton,1993-12-09
2617,Knockers Bar Man,2005-05-08
3177,Milly Anne,2011-05-15
2815,Colby Krause,2007-09-23
2484,Meteor Alien,2003-03-30
2827,Gaylord Q. Tinkledink,2007-11-11
2794,Russ Cargill,2007-07-27
2386,Stray Dog,2002-02-24
2800,Panicky Man,2007-07-27
1430,Mr. Burns Cat (page does not exist),1991-10-03
2567,Pie Man,2004-05-02
3482,Barney,2016-05-15
1646,Jeeves,1993-12-09
3196,Golem,2011-11-20
2453,Snow White,2003-01-12
2512,Edwina,2003-11-23
1201,Burlesque Guy,1990-03-25
2606,Sherri and Terri's children,2005-04-17
1107,Son (There's No Disgrace Like Home),1990-01-28
2028,Hester,1997-11-16
3394,Maxine Lombard,2014-11-02
2753,Paris Texan,2007-03-25
2249,Bender Bending Rodríguez,2000-02-20
2887,Simon Woosterfield,2008-10-19
1508,Herb Powell,1992-08-27
3439,Clancy Wiggins,2015-03-08
1888,Brandine Spuckler,1996-04-14
1703,Sea Captain,1994-09-25
1480,Nick (1),1992-02-06
2522,Chief Knock-A-Homer,2004-01-11
1155,Bigfoot Kid,1990-02-18
3306,Big &amp; Tall Hazmat Suit Store Clerk,2013-09-29
1238,Bubbles,1990-04-29
3021,Gloria (White Christmas Blues),2010-01-31
1454,Johnny Carson (character),1991-10-31
2566,Farmer Billy,2004-05-02
3269,Terrence,2012-12-09
3191,Roz Davis,2011-11-06
2578,Bob Dylan,2004-12-05
2335,Dr. Hibbert's Third Son,2001-03-11
2860,4-H leader,2008-04-27
3324,Gretchen,2013-11-17
1849,Colonel Leslie Hapablap,1995-11-26
1386,Beatrice Simmons,1991-03-28
3239,Keggy,2012-03-11
2976,Kaitlin,2009-04-26
3158,The Great Raymondo,2011-04-10
2580,Gautama Buddha,2004-12-05
2595,Madam Wu,2005-03-13
2585,Frankie (Health Inspector),2005-01-30
1971,Fox Mulder,1997-01-12
3400,Hermes Conrad,2014-11-09
2830,Milo,2007-11-18
1937,Remedial Class Teacher,1996-11-03
1172,Scary Vultures,1990-02-18
1760,The Rappin' Rabbis,1995-03-05
3310,FBI Agent (Homerland),2013-09-29
2771,Jesminder Bhamra's father,2007-04-22
2641,Homer's cousin's son,2005-09-11
2874,Patrick Farally,2008-09-28
3336,Michiko Nakamura,2014-01-12
1612,Clifford Burns,1993-10-21
2255,future lisa,2000-03-19
2454,The Flying Giuseppe,2003-01-12
1021,Jaffee,1989-12-17
2791,Strangles,2007-05-13
1932,Waylon J. Smithers Jr.,1996-11-03
2613,Anoop,2005-04-17
1867,Donkey Kong,1995-12-17
1654,Joe,1993-12-16
1284,Snow Mom,1990-10-11
1804,Shelbyville lemonade boy's brother,1995-05-14
2862,Lou (cow),2008-04-27
1638,Mr. Belew,1993-11-18
2266,Becky (It's a Mad Mad Mad Mad Marge),2000-05-14
1731,Mister Honeybunny,1994-11-13
2949,Debbie Pinson,2009-02-15
1945,Lucius Sweet,1996-11-10
1087,Former-Mayor,1990-01-21
3001,Rodney Dangerfield (character),2009-10-04
1767,Judah Ben-Hur,1995-03-05
1690,Luigi,1994-05-12
2293,Jesse Grass,2000-11-19
1401,Gloria S.,1991-05-02
3156,Ewell Freestone,2011-04-10
2212,Tom Clancy (character),1999-10-31
2430,Jury Foreman,2002-05-19
1876,Chester J. Lampwick (page does not exist),1996-03-17
1648,Apu,1993-12-16
1917,Erin,1996-05-19
1058,Screwy,1989-12-17
3118,Erik,2011-01-09
2288,Erin (Sophie's Mother),2000-11-12
2044,Üter,1997-11-23
2345,Yoda,2001-11-06
2405,Brazil,2002-03-31
3214,Flight Attendant (future),2011-12-11
2679,Justin's father,2006-01-29
1681,Conformco Worker,1994-04-14
2401,Shooting Victim (page does not exist),2002-03-31
2943,Homeroni,2009-01-25
2009,Cadet leader,1997-05-18
2095,Gooey,1998-04-19
3070,Megan,2010-05-02
2138,Teletubbies,1999-01-17
2355,Judith Owen (character),2001-12-09
2759,Cobra King Snake,2007-04-22
1023,Sherri Mackleberry,1989-12-17
2948,Vance Connor,2009-02-15
2649,Buried Man,2005-09-18
1236,Bob's Merchandising Team,1990-04-29
1547,Mrs. Gumble,1992-11-19
2189,Unnamed girl with red glasses,1999-09-26
2203,Xena the Warrior Princess,1999-10-31
3202,Picard Simpson,2011-12-11
2263,Harry Houdini,2000-04-30
1378,The Persephone (page does not exist),1991-02-21
2146,Elton John,1999-02-14
1488,Testing Center employee,1992-02-27
1778,Always Comes in Second,1995-04-09
2422,Spider-Man,2002-05-12
1383,Margarita,1991-03-07
1356,Senator Mendoza,1991-01-31
2717,Patricia,2006-09-17
1936,Mr. Doyle,1996-11-03
1138,Sailor Kid,1990-02-04
3456,Springfield Town Square,2015-10-04
2438,Tom Petty (character),2002-11-10
2814,Simpson family Lookalikes (page does not exist),2007-07-27
2702,Brenda Weingarten,2006-05-07
1819,Superdude,1995-05-21
1879,Lester,1996-03-17
3007,Sophie Krustofsky,2009-11-22
2645,Katherine Blodgett,2005-09-18
1578,Brooke Shields (character),1993-04-15
3312,Carl's Same-time Next Year Affair,2013-09-29
1838,Jimmy (actor),1995-10-15
2098,Ray Patterson,1998-04-26
3240,King Homer,2012-03-11
1501,Manjula Nahasapeemapetilon,1992-03-12
1907,Apu Nahasapeemapetilon Sr.,1996-05-05
1653,Gunter,1993-12-16
2236,Britney Spears,2000-01-23
1116,Lenny Leonard,1990-01-28
1263,Moldy,1990-05-13
2619,Unnamed blonde haired girl,2005-05-01
1246,Police Officer (Krusty Gets Busted) 2,1990-04-29
2790,Joe La Boot,2007-04-29
1245,Police Officer (Krusty Gets Busted) 1,1990-04-29
1027,Mall Santa Boy,1989-12-17
2603,Mrs. Dexter's daughter,2005-04-03
1092,Otto Mann,1990-01-21
1102,Sylvia Winfield,1990-01-21
1968,Wiseguy,1997-01-12
1791,10 year old voiced man,1995-04-16
1952,Randy (tour guide),1996-11-17
3003,Chett Englebrick,2009-10-11
1815,Shelby's Father,1995-05-14
2834,Strawberry,2007-11-18
1180,Fat Christian,1990-02-25
2493,David Byrne (character),2003-04-27
1635,&quot;Blow the Horn&quot; Kid,1993-11-18
2651,Sit 'n' Weep psychologist,2005-09-18
2823,Spanish Squeaky-Voiced Teen,2007-10-14
2881,The Thing,2008-09-28
2356,Mesmerino,2001-12-09
2795,Arnold Schwarzenegger,2007-07-27
2224,Sandeep Nahasapeemapetilon,1999-11-21
1671,Celeste,1994-02-17
1176,Ms. Albright,1990-02-25
2389,John Frink,2002-03-17
3038,Hiram Simpson,2010-02-21
1957,Starla Starbeam,1996-12-01
1020,Nina Skalka,1989-12-17
1314,The Raven (character),1990-10-25
2720,Dr. Phil McGraw,2006-11-05
3243,Caribbean Boy,2012-04-29
2485,James Taylor,2003-04-13
2826,Telephone Operator,2007-11-11
2947,Dragon Kearney,2009-01-25
2599,Frank Gehry (character),2005-04-03
1761,Jay Sherman,1995-03-05
1641,Mindy Simmons,1993-12-09
1377,Orphanage Director (page does not exist),1991-02-21
1234,SWAT Leader,1990-04-15
2229,Ramrod,1999-11-28
2248,wikipedia:Oscar the Grouch,2000-02-20
1801,Glass Eater,1995-05-07
2196,Mimi,1999-10-24
2707,Little Moe Szyslak,2006-05-14
1768,George C. Scott,1995-03-05
3155,Kareem Abdul-Jabbar,2011-03-27
3448,Waverly Hills Boy 4,2015-05-17
2648,Milton Burkhart,2005-09-18
2111,Bart Junior (lizard) (page does not exist),1998-09-27
3446,Waverly Hills Boy 2,2015-05-17
1381,Bernice Hibbert,1991-03-07
2999,Lyle McCarthy,2009-09-27
3045,Librarian,2010-02-21
1992,Louie,1997-04-13
3074,Walt Warren,2010-05-16
1078,Singing Girl,1990-01-14
3372,Barrow Spuckler,2014-05-18
3408,Springfield School District Teacher,2014-11-16
1389,Principal Skinner,1991-03-28
3237,B.F. Sherwood,2012-03-11
1704,Mrs. Glick,1994-09-25
2284,Phony McRing-Ring,2000-11-05
2021,Mr. Smithers,1997-10-26
1810,Shelbyville Milhouse's dog,1995-05-14
2476,Stark Richdale,2003-03-16
3012,Unnamed social worker,2009-12-13
3319,Brian Griffin,2013-09-29
1186,Dr. J. Loren Pryor,1990-02-25
3458,Dickie,2015-10-18
2204,Michelle Kwan,1999-10-31
1610,Bobo,1993-10-21
1985,Cecil Terwilliger,1997-02-23
1622,Flanders the Devil,1993-10-28
1462,Aerosmith,1991-11-21
1005,Abraham Simpson,1989-12-17
1095,Sherri and Terri's father,1990-01-21
2589,Thad,2005-02-20
3285,Big Bird,2013-03-10
1228,Adil Hoxha,1990-04-15
3066,Kevin Michael Richardson,2010-04-11
1860,Jeffery Albertson,1995-12-17
1150,Ms. Barr,1990-02-11
1598,Malibu Stacy,1993-09-30
1164,Film Maker,1990-02-18
2678,Intellectual Homer,2006-01-29
3203,Jenda,2011-12-11
3280,Cool grandfather,2013-01-27
2183,Mel Gibson (character),1999-09-26
1197,Helen Lovejoy,1990-03-18
1512,Dredrick Tatum (page does not exist),1992-10-01
2107,Alex Whitney,1998-08-23
2909,Prince,2008-11-02
2008,Poetry instructor,1997-05-18
1165,Fraumaker,1990-02-18
1307,Kang,1990-10-25
1978,Mrs. Pennyfeather,1997-02-07
1033,Springfield Downs Kid,1989-12-17
1759,Mel Brooks,1995-02-26
2633,Kevin (St. Jerome's Catholic School),2005-05-22
3116,Fit Tony,2010-12-12
1758,Ballet Teacher,1995-02-26
2116,Ron Howard,1998-11-08
2237,Cornelius Chapman,2000-01-23
2306,Michael Jackson (character),2000-12-10
1929,Bob Dole,1996-10-27
2091,Joe Banks,1998-04-19
1404,General Sherman,1991-05-02
2311,Happy Little Elves,2001-01-07
2209,Joe C. (character),1999-10-31
1474,Stephanie Brockman,1992-01-09
2757,Cleric,2007-04-22
2974,Noah (Father Knows Worst),2009-04-26
1559,The Seven Duffs,1993-01-21
2359,Nibbles' Wife,2001-12-16
2219,Pria Nahasapeemapetilon,1999-11-21
2636,Frosty the Snowman,2005-09-11
1456,Princess,1991-11-07
2605,Jenda Simpson,2005-04-17
1088,Becky (Student),1990-01-21
2602,Mrs. Dexter's son,2005-04-03
3304,Springfield Nuclear Power Plant Security Guard,2013-09-29
2934,King Toot's Music Store,2008-11-30
2878,Gloria Jailbird,2008-09-28
1256,Doofy,1990-05-13
3092,Chris Hansen (character),2010-10-03
2171,Serpent,1999-04-04
1204,Doo-De-Doo Kid,1990-03-25
2082,Female Officer (page does not exist),1998-03-29
3029,Draco Malfoy,2010-02-14
1642,Zutroy,1993-12-09
2056,Bill Gates,1998-02-15
3459,Lem,2015-10-18
1959,Jimmy the Scumbag,1996-12-15
3395,Maxine Lombard's assistant (page does not exist),2014-11-02
1323,News Reporter (Two Cars in Every Garage and Three Eyes on Every Fish),1990-11-01
3182,Chucky,2011-09-25
1235,Bob's Aide,1990-04-29
1858,Devil Flanders,1995-12-03
1352,Master Sushi Chef,1991-01-24
2809,The Swedish Chef,2007-07-27
3105,Ms. Marshall,2010-11-14
2661,Tammy's husband,2005-11-27
1192,Kearney Zzyzwicz,1990-02-25
2467,George Plimpton,2003-02-16
2813,Mr. Samson,2007-07-27
2457,Unnamed female bodybuilder (number eight),2003-02-02
1750,Report Card,1995-02-05
3010,Huell Howser (character),2009-12-13
1357,Marge's friend,1991-01-31
1924,Peter Frampton,1996-05-26
1699,Girl with ponytail,1994-09-11
2429,Spuckler children,2002-05-19
2417,Kyle (3rd Grader),2002-05-12
2693,Ned Flandish (page does not exist),2006-04-23
2257,couch gag,2000-03-19
2334,Baby-Proofing Saleswoman,2001-03-11
2538,Barney Gumble]],2004-01-25
2608,Smithers's future girlfriend,2005-04-17
3015,Slimu,2010-01-03
1632,Brad Goodman,1993-11-11
2535,Conscience,2004-01-25
1353,Richie Sakai,1991-01-24
3082,Kurt Hardwick,2010-09-26
2746,Jitney Spuckler,2007-03-04
3200,Zia Simpson,2011-12-11
1309,Paul McCartney,1990-10-25
3286,Richard Dawkins (character),2013-03-10
2900,Airport Stair Bot,2008-11-02
2732,Kearney Zzyzwicz Jr.,2006-12-17
1808,Shelbyville Martin,1995-05-14
1779,I'm Number Three,1995-04-09
3131,Zack,2011-01-09
1115,Joshua and Amber's Mom,1990-01-28
2495,Luke Stetson,2003-04-27
2628,Jason Bateman (character),2005-05-22
2696,Summer Romance girl,2006-04-30
1908,Apu's Mother,1996-05-05
3276,Keith,2013-01-27
1041,Cheque Giver,1989-12-17
1875,Hollis Hurlbut,1996-02-18
1640,Fat Tony (seen on a picture in Springfield P.D.),1993-11-18
1065,Sam (barfly),1989-12-17
3104,Alex Trebek (character),2010-11-14
1414,Sadruddin Mahbaradad,1991-08-11
1479,Sherri and Terri,1992-02-06
2950,Homer's clones,2009-03-01
2572,Elmo,2004-05-16
3199,Jackie Mason,2011-12-04
1716,Kindergarten Teacher,1994-10-09
2588,Howell Huser,2005-02-20
2015,Ian (Very Tall Man),1997-09-21
2451,Dexter Colt,2003-01-12
1329,Ms. Norton,1990-11-15
1707,Bort (boy),1994-10-02
3258,Mayan gods,2012-10-07
1670,Selma Bouveir (page does not exist),1994-02-10
1047,Sir Galahad,1989-12-17
1419,Ned,1991-10-03
2773,Girl's father,2007-04-22
2130,Lance Murdock,1999-01-10
2620,Margebot,2005-05-01
1962,Nedward Flanders Sr.,1996-12-29
2341,Rachel Jordan,2001-05-06
3049,Mel,2010-03-14
2509,Michael Moore (character),2003-11-16
2380,Principal Dondelinger,2002-02-10
2788,Blue-haired Lawyer (Earthland Realms),2007-04-22
1571,Sarah Wiggum,1993-02-18
2398,Orphanage Nun (page does not exist),2002-03-31
2469,Sun Moon,2003-02-16
1607,Nuclear Physics Professor,1993-10-14
1745,Al Gumble,1995-01-22
3167,Teller (character),2011-04-10
2156,Male actor,1999-03-28
2875,Baby Gerald,2008-09-28
2042,Manjula's Father,1997-11-16
1613,Wainwright Montgomery Burns,1993-10-21
2853,Jennifer,2008-03-09
1334,Sideshow Mel,1990-12-20
1042,Alfie,1989-12-17
2774,Mantis Burns,2007-04-22
2065,Stanley Simpson,1998-03-08
3472,5th grade girl,2016-01-10
2067,Robby the Automaton,1998-03-22
1831,Boy with glasses,1995-10-08
1046,Fred's Wife,1989-12-17
1128,Herman Hermann,1990-02-04
2899,Plane Bot,2008-11-02
3097,Dahlia Brinkley,2010-10-10
1991,Mathemagician,1997-04-06
1561,Pepi,1993-02-04
2937,Art teacher,2009-01-25
1012,Adrian Belew,1989-12-17
1623,Gremlin (character),1993-10-28
2554,Luke Skywalker (parody),2004-03-21
2587,Alcatraaz,2005-02-13
1491,Officer Eddie,1992-02-27
2985,Dr. Bettleheim,2009-05-03
1433,Otto,1991-10-03
2526,Murderpuss,2004-01-11
3289,Fruit Bat Man,2013-03-17
2211,Harry Potter (character),1999-10-31
1289,Black Weasel,1990-10-11
1091,Krusty the Clown,1990-01-21
1410,Jeffrey Albertson,1991-05-09
2424,Screamapillar,2002-05-19
1135,Jamie,1990-02-04
3393,Robert Siegal,2014-11-02
2022,Eddie and Lou,1997-10-26
2494,Cookie,2003-04-27
1913,Benzine girl,1996-05-19
2777,Troll Kearney,2007-04-22
1085,Blinky,1990-01-21
2845,Amy Rose ,2008-01-27
3254,Unborn Spuckler Baby,2012-05-20
1110,Tom Gammel,1990-01-28
2915,Trix Rabbit,2008-11-09
2296,Costington's,2000-11-26
1340,Alex Rocco,1990-12-20
1126,Troubled Son,1990-01-28
2051,Alex Trebek,1997-12-21
1889,Very Tall Man,1996-04-14
2908,George Clooney (page does not exist),2008-11-02
2031,Ingrice,1997-11-16
1200,Power Plant Employee (Life on the Fast Lane),1990-03-18
3171,Taffy,2011-05-08
1089,Smilin' Joe Fission,1990-01-21
3349,Diggs (character),2014-03-09
1108,Eddie,1990-01-28
2404,Brazilian Bartender (page does not exist),2002-03-31
1183,Timothy Lovejoy,1990-02-25
1739,Mrs. Frink,1994-12-04
1268,Howard (florist),1990-05-13
3025,Dave Rothman,2010-01-31
2461,Larry H. Lawyer Jr.,2003-02-09
2592,Heather Spuckler,2005-02-20
2402,Man on Fire (page does not exist),2002-03-31
3144,Springfield Nuclear Power Plant,2011-01-23
3153,Lots-o'-Huggin' Bear,2011-03-13
1669,Head of Springfield Box Factory,1994-02-03
2957,Yupprechaun,2009-03-22
3096,Mark Zuckerberg (character),2010-10-03
1848,Bill Gannon,1995-11-19
1060,Blue Afro Hair Girl,1989-12-17
3145,Springfield,2011-01-23
2289,The Nahasapeemapetilon Octuplets,2000-11-12
3204,Medbot,2011-12-11
1062,Smart Boy,1989-12-17
1771,Mr. Parkfield (page does not exist),1995-03-19
1636,Warren (Camper),1993-11-18
1194,Charlie (SNPP),1990-03-18
3297,Shauna Chalmers,2013-04-28
2626,Ghostface,2005-05-22
1732,Rodan,1994-11-13
2190,Adam West (character),1999-09-26
1497,Mrs. Muntz,1992-02-27
3226,El Puerco,2012-02-12
3087,Jagdish Bhagwati,2010-09-26
1581,Barry White (character),1993-04-29
3461,Mike Jambowski,2015-11-08
3170,Fit/Fat Tony's Nephews and Niece,2011-05-01
1984,Roscoe,1997-02-16
2321,Madame Mimi,2001-02-18
2570,Cupcake Kid,2004-05-02
1527,Tyrannosaurus,1992-10-29
3128,Andy (Moms I'd Like to Forget),2011-01-09
2752,Andy Dick,2007-03-04
1106,Knitting Grandma,1990-01-28
2147,Milhouse,1999-02-28
2712,The Callibricis' Goons,2006-09-10
2893,Microwave Bot,2008-11-02
1286,Ungrateful Grandson,1990-10-11
2568,Nichelle Nichols (character),2004-05-02
2646,Alexander Graham Bell,2005-09-18
2272,Ozzy Osbourne,2000-05-21
1188,Springfield: A City Held Hostage: Day One Narrator (page does not exist),1990-02-25
2343,Gypsy,2001-11-06
1365,Mr. Seckofsky,1991-01-31
1149,Player 2,1990-02-11
2221,Gheet Nahasapeemapetilon,1999-11-21
1726,Springfield Elementary School,1994-10-30
1941,Melvin,1996-11-03
1713,Roger Meyers Sr.,1994-10-02
1470,Abraham Simpson II,1991-12-26
3256,Crazy iguana lady,2012-10-07
2831,Alan Moore (character),2007-11-18
3273,Hendrix,2012-12-16
2233,Brother Faith,2000-01-16
1524,Pahusacheta Nahasapeemapetilon,1992-10-15
1678,Mr. Blackheart,1994-03-31
2353,Mama Celeste,2001-12-09
2911,Emma Bunton (page does not exist),2008-11-02
1676,Stampy,1994-03-31
2627,Coach Clay Roberts,2005-05-22
1580,John Swartzwelder,1993-04-15
2917,Toucan Sam,2008-11-09
2992,Alaska Nebraska,2009-05-03
3172,Kyle LaBianco,2011-05-08
2968,Belle (senior),2009-04-19
2170,Gary the Unicorn,1999-04-04
2857,The raccoon family,2008-03-30
2855,Prison librarian,2008-03-09
2736,Skipper,2007-01-07
1066,Edna Krabappel,1990-01-14
1218,Suzie,1990-03-25
3268,Mickey Mouse,2012-11-25
1533,Bumblebee Man,1992-11-03
2634,Pious Riot,2005-05-22
1719,Count Dracula,1994-10-09
2338,Muntu,2001-04-01
2902,Hot Dog Oven Bot,2008-11-02
2304,Questo,2000-12-10
2256,mooch bart,2000-03-19
2261,Captain Jack,2000-04-30
1328,Maude Flanders,1990-11-15
1098,Supporting Man,1990-01-21
1003,Lisa Simpson,1989-12-17
2534,Honesty,2004-01-25
2034,Asa (Senior),1997-11-16
1045,Dr. Zitsofsky,1989-12-17
1473,Toby,1992-01-09
1129,Weasels,1990-02-04
1564,Rex (I Love Lisa),1993-02-11
1363,Artie Ziff,1991-01-31
1291,Dimoxinil Actor,1990-10-18
2880,Northern Irish Leprechaun,2008-09-28
3009,Gwendolyn Nightshadow (page does not exist),2009-11-29
2393,Samba School Teacher (page does not exist),2002-03-31
1528,Albert Einstein,1992-10-29
3434,Chase,2015-02-08
3023,Ricardo Bomba,2010-01-31
2500,Les (page does not exist),2003-05-04
1721,Lunchlady Doris,1994-10-30
1857,James Bond,1995-12-03
1195,Homer (Life on the Fast Lane),1990-03-18
2660,Nana Sophie Mussolini,2005-11-27
3098,Splatterface,2010-10-10
3013,Charlie (orphan),2009-12-13
1766,Charlton Heston,1995-03-05
3294,Early Bird,2013-03-17
2919,Sylvia,2008-11-09
1943,James Bont,1996-11-03
2703,Handsome bachelor,2006-05-07
1526,Menthol Moose,1992-10-15
2653,Wild Beasts,2005-09-18
2292,Mr. Thai,2000-11-19
1673,Buzz Aldrin,1994-02-24
1253,Captain Cook,1990-05-13
3053,Gus Huebner,2010-03-21
2061,Janeane Garofalo,1998-02-22
1083,Girly Bart,1990-01-14
1910,Ginger-Haired Man,1996-05-05
1035,Charles Montgomery Burns,1989-12-17
3197,Neil Gaiman,2011-11-20
1097,Springfield Nuclear Power Plant Employee,1990-01-21
3159,Ali Rudy Vallée,2011-04-10
2368,Ice Cream Lady,2002-01-20
2803,Brunella Pommelhorst,2007-07-27
2330,Charlie,2001-03-04
1359,Estelle,1991-01-31
1428,Dolph,1991-10-03
2282,Snorky,2000-11-01
1649,Amos,1993-12-16
1317,Burns' Campaign Leader,1990-11-01
1662,Patty,1994-01-06
2931,Bin Laden family's house,2008-11-30
3424,Dancing Reindeer,2014-12-07
2276,Father Bear,2000-11-01
2114,Alec Baldwin,1998-11-08
2638,Victor,2005-09-11
1993,Luanne Van Houten (page does not exist),1997-04-20
1343,Devil,1991-01-10
2511,J. K. Rowling (character),2003-11-23
2262,Sheriff,2000-04-30
2428,Rod and Todd Flanders,2002-05-19
2975,Noah's Mother,2009-04-26
2991,Ralph (Waverly Hills),2009-05-03
1792,Ms. No Means No,1995-04-30
2520,Zack (Springfield Retirement Castle),2004-01-04
1560,Tom,1993-02-04
2001,Big Daddy,1997-05-11
3085,Amber Riley (character),2010-09-26
2350,Cora,2001-11-11
1335,Corporal Punishment,1990-12-20
2220,Anoop Nahasapeemapetilon,1999-11-21
1131,Buck-toothed girl,1990-02-04
1466,Fritz,1991-12-05
2640,Homer's cousin's wife,2005-09-11
2309,Nibbles,2000-12-17
3307,Mr. Burns' Hamster,2013-09-29
2436,Legs and Louie,2002-05-22
2264,Velma,2000-04-30
3108,Becky's Mother,2010-11-21
2072,Captain Tenille,1998-03-29
3058,Madison McKenna,2010-03-21
2730,Mr. Mooch,2006-12-10
2464,Yuwa the Secretary,2003-02-16
1877,Blue-haired lawyer,1996-03-17
1603,Scoey,1993-10-07
1575,Nick Rivera (page does not exist),1993-04-01
2530,Lisakaiah Barrows,2004-01-25
3357,Lucas Bortner,2014-04-06
1086,Duff Beer Advertiser,1990-01-21
2177,Willie's Father,1999-05-02
1540,Ooda,1992-11-12
3435,Howard K. Duff VIII,2015-02-08
2709,Wallace Brady,2006-05-14
3022,Coldplay,2010-01-31
1518,Jamshed Nahasapeemapetilon,1992-10-08
1737,Dennis Franz (character),1994-11-27
3046,Abraham Simpson I,2010-02-21
1216,Sapphire Lounge Guy,1990-03-25
1958,Shotgun Pete,1996-12-01
2583,King Kong,2005-01-16
1295,Executive 1,1990-10-18
1297,Executive 3,1990-10-18
1296,Executive 2,1990-10-18
1935,Cypress Creek Milhouse,1996-11-03
3050,Mel's wife,2010-03-14
1614,George Burns,1993-10-21
2980,Kenny's mother,2009-04-26
1161,English Scientist,1990-02-18
1471,Aileen,1991-12-26
1071,Ethan Foley,1990-01-14
2037,Lamuel,1997-11-16
3198,Annie Dubinsky,2011-12-04
2844,Adriatica Vel Johnson,2008-01-06
2529,Bartabe Barrows,2004-01-25
2807,Tom Hanks,2007-07-27
1691,The Beatles,1994-09-04
3353,Lisa,2014-03-23
2287,Sophie,2000-11-12
2435,Hugo Simpson I,2002-05-22
1938,Dot,1996-11-03
2023,Hank Hill,1997-11-09
2537,Thomas Pynchon (character),2004-01-25
3452,Scotty Boom,2015-10-04
1724,Ankylosaurus,1994-10-30
2213,Ray Romano,1999-10-31
1206,Eugene Fisk,1990-03-25
1950,Mr. Jones,1996-11-10
1511,William MacDougal,1992-09-24
2198,Daphne Beaumont,1999-10-24
2472,Sara Sloane,2003-03-02
2891,Sex Toy,2008-11-02
3205,Maggie's Band,2011-12-11
1687,Nedsel Flanders,1994-04-28
1207,Mr. Fisk,1990-03-25
1543,Horatio McCallister,1992-11-12
1467,Horst,1991-12-05
2907,Sterotypical Advertisers (page does not exist),2008-11-02
1075,Ms. Mellon,1990-01-14
1563,Abbie,1993-02-04
2668,Peter Griffin,2005-12-11
1608,Benjamin,1993-10-14
1163,Feral Things,1990-02-18
2112,Freddy Krueger,1998-10-25
3345,Chupacabra (page does not exist),2014-01-12
3004,Hubert Wong,2009-10-18
2184,Edward Christian,1999-09-26
2939,Josh Groban,2009-01-25
3403,Rapfael (page does not exist),2014-11-09
1276,Benjamin Franklin,1990-10-11
2594,Gary Busey,2005-03-06
3483,The City Inspector,2016-05-15
1916,The Mad Hatter,1996-05-19
3451,Roger (Candace's father),2015-09-27
3422,Arthur Crandell (page does not exist),2014-11-23
2419,Kyle's Friend,2002-05-12
3442,Baz,2015-04-19
1319,Burns' Elephant,1990-11-01
2733,The Grumple,2006-12-17
2564,Eeymore,2004-04-25
2448,Dog (The Lastest Gun in the West),2003-01-05
2889,Three-Way,2008-11-02
1570,Rafael,1993-02-18
1743,Guy Incognito,1994-12-18
1947,Boxcar Bob,1996-11-10
1765,Elliot,1995-03-05
3359,Jerry (Days of Future Future),2014-04-13
2235,Anton Lubchenko,2000-01-16
3031,Female Twin,2010-02-21
2449,Little Richard,2003-01-05
2374,The Leader,2002-01-20
3220,Moe's Bar Rag,2012-01-29
2303,The Homer Impostor,2000-12-03
2387,Zelda,2002-03-10
1748,Cosine,1995-02-05
1324,Dave Shutton,1990-11-01
2956,Jasper's son,2009-03-22
2621,Foxy the FOX Network Fox,2005-05-01
3130,Ross,2011-01-09
2740,Nana Sophie,2007-01-28
3325,Homer Jr.,2013-11-17
3187,Viktor,2011-09-25
2806,The Hounds,2007-07-27
2258,Charlie Rose (character),2000-04-30
2478,Canary M. Burns,2003-03-16
1490,Officer Lou,1992-02-27
1212,Mike's Son,1990-03-25
3223,Nick (The Daughter Also Rises),2012-02-12
2642,Santa's Little Helper's Brother,2005-09-11
1118,Mona Simpson,1990-01-28
3484,Mary (mother of Jesus),2016-09-25
3030,Male Twin,2010-02-21
1797,Earhart,1995-05-07
2169,Señor Ding Dong,1999-03-28
1422,Maude,1991-10-03
1818,Veterinarian,1995-05-21
1082,Horse Zombie,1990-01-14
1787,Carol Jones,1995-04-16
1220,Princess Kashmir,1990-03-25
2514,Paddington Bear,2003-11-30
3152,Walter Hotenhoffer,2011-03-06
3260,Mayan priest,2012-10-07
1828,Sherri and Terri's mother,1995-10-08
3412,Blazing Guy Member 2,2014-11-16
3019,Princess Penelope,2010-01-10
3000,Zachary Vaughn,2009-10-04
2704,Handsome bachelor's brothers,2006-05-07
3418,Calypso Self-Knowledge,2014-11-16
1158,Camping Man,1990-02-18
2329,Henri the Hair Stylist,2001-03-04
2032,Hatty,1997-11-16
2465,Tony Hawk (character),2003-02-16
3107,Unnamed district,2010-11-14
1717,Birch Barlow,1994-10-09
1026,Ralph Wiggum,1989-12-17
2446,Mitch Hartwell,2002-12-01
1351,Toshiro,1991-01-24
1741,Mona Flanders,1994-12-04
2326,'N Sync (character),2001-02-25
1912,Beezee,1996-05-19
1376,Unnamed Carnival Woman,1991-02-21
1821,Faith Crowley,1995-05-21
2174,Arthur Fortune,1999-05-02
1663,Selma,1994-01-06
2996,Sven,2009-05-17
3295,Hot Flash,2013-03-17
2471,Clancy,2003-03-02
1400,Larry,1991-05-02
1053,Chew My Shoe,1989-12-17
2888,Snooze,2008-11-02
2822,Johnny Stabbo,2007-10-14
1251,Cheery,1990-05-13
2357,Waylon Smithers Sr.,2001-12-09
2377,Man with the Braces,2002-01-27
2487,Julio,2003-04-13
1001,Marge Simpson,1989-12-17
2680,Justin,2006-01-29
1865,Sonic the Hedgehog,1995-12-17
1845,Zip Boys (page does not exist),1995-10-29
1499,Black Teacher,1992-02-27
1987,Geech,1997-02-23
1285,Jebediah Springfield,1990-10-11
2524,Professor Frink's son,2004-01-11
1854,Sam Simon,1995-12-03
2388,O. J. Simpson (character),2002-03-17
2576,Chloe Talbot,2004-12-05
2652,Dr. Octopus,2005-09-18
2516,Mr. T,2003-12-07
1931,Miss Goodthighs,1996-11-03
2349,Slithers,2001-11-06
2440,Audrey McConnell,2002-11-17
2425,EPA Scientist,2002-05-19
2307,Devon Bradley,2000-12-10
2166,Loading dock worker,1999-03-28
1880,MacArthur Parker,1996-03-24
1517,God,1992-10-08
2406,Mr. MItchell (page does not exist),2002-04-07
1871,Gerald Ford,1996-01-14
3263,Meredith Milgram,2012-11-04
1706,John Travolta,1994-10-02
2414,Annette (page does not exist),2002-05-05
3300,Mrs. Clark,2013-04-28
1576,Roxie,1993-04-15
2097,Mr. Costington,1998-04-26
1024,Photo Girl,1989-12-17
1686,Leopold,1994-04-28
3381,Addem-up Spuckler,2014-10-12
2584,Mayor Quimby's secret family,2005-01-30
1460,Nick Riviera,1991-11-14
1827,Doug (nerd),1995-09-24
1274,Deadly Mothballs,1990-10-11
1014,Jimbo Jones,1989-12-17
1680,Bernice (KBBL),1994-03-31
2837,Zach G.,2007-11-18
1572,Dr. Wolfe,1993-03-11
3212,Dr. Hibbert's assistant,2011-12-11
2411,Giuseppe,2002-04-28
1720,Larry King,1994-10-09
2275,Goldilocks,2000-11-01
2172,Astrid Weller,1999-04-11
3175,Shavings owner,2011-05-15
3373,Wheel Spuckler,2014-05-18
1464,Stock Broker,1991-12-05
3146,744 Evergreen Terrace,2011-01-23
2059,Steven Wright,1998-02-22
1240,Kent Brockman's Daughter,1990-04-29
2832,Art Spiegelman (character),2007-11-18
1747,Ham,1995-02-05
1282,Bart Simpson Jr.,1990-10-11
2751,Dr. Stacey Swanson,2007-03-04
1530,Woody Allen,1992-10-29
1783,Principal Valiant,1995-04-16
2192,French Chef,1999-10-24
2316,Steve (USAF),2001-02-04
2498,The Stooped-Over Fiddler,2003-04-27
2466,Blink-182,2003-02-16
3063,Jakob,2010-03-28
2745,Dubya Spuckler,2007-03-04
2847,Repair man,2008-01-27
3423,The Be Sharps,2014-12-07
1788,Fred (The PTA Disbands),1995-04-16
1853,James L. Brooks (character),1995-12-03
2721,Orson Welles,2006-11-05
1790,Kindergarten student,1995-04-16
1429,Just Stamp the Ticket Man,1991-10-03
3455,Scrap City,2015-10-04
3486,Julia's Fiance,2016-10-02
2502,Steve Buscemi,2003-05-11
2895,Coffee Machine Bot,2008-11-02
3469,Quinn Hopper,2016-01-03
1752,Bill (Accountant),1995-02-12
1944,Crystal,1996-11-03
1692,Rex (Bart of Darkness),1994-09-04
2080,Moe's Cat (page does not exist),1998-03-29
2337,Kitenge,2001-04-01
3166,Penn Jillette (character),2011-04-10
2764,Tauren Mel,2007-04-22
1773,&quot;Diamond Joe&quot; Quimby,1995-03-19
2362,Moe's girlfriend,2002-01-06
1573,Gummy Joe,1993-03-11
3441,Dr. Schulman,2015-03-15
3313,Lenny's Frumpy Dinner Date,2013-09-29
3112,Katy Perry,2010-12-05
1619,Barney the Dinosaur,1993-10-21
3246,Rowan Priddis,2012-04-29
2610,Uma,2005-04-17
1250,Ms. Botz,1990-05-13
2240,Lisa Jr.,2000-02-20
2597,Springfield Billy,2005-04-03
2510,French Boy,2003-11-16
2929,Springfield Mall,2008-11-30
1753,Tobias Drundridge,1995-02-19
2926,Amid bin Laden,2008-11-30
1843,Terri,1995-10-29
1770,Mrs. Parkfield (page does not exist),1995-03-19
2089,Lindsey Naegle,1998-04-19
2064,Edna Flanders,1998-03-08
1261,Maitre D',1990-05-13
3095,Muhammad Yunus (character),2010-10-03
2940,Queen Helvetica,2009-01-25
1914,Abraham Lincoln,1996-05-19
2180,Monopoly,1999-05-16
1081,Ticket Bouncer,1990-01-14
3296,Iron Lung,2013-03-17
1124,Troubled Dad,1990-01-28
2851,Donny (The Debarted),2008-03-02
1440,Joey (mafia),1991-10-10
2332,Mr. Rhenquist,2001-03-11
2869,&quot;Something New&quot; Spuckler Baby,2008-04-27
1154,Yellow Kid,1990-02-11
2218,Sashi Nahasapeemapetilon,1999-11-21
3415,Jason,2014-11-16
2173,Mr. Cosner (page does not exist),1999-05-02
1942,Gary (Cypress Creek),1996-11-03
2020,Krusty,1997-10-26
1554,Leonard Nimoy (character),1993-01-14
1864,Gavin and Katelyn's Mother,1995-12-17
3093,Will Harridge (page does not exist),2010-10-03
1420,Todd,1991-10-03
1522,Gary Chalmers,1992-10-15
2385,Buck McCoy,2002-02-24
3067,Boy with bangs,2010-04-18
1781,Greyhound Puppies,1995-04-09
2811,The Raving Derelict,2007-07-27
2604,Michael D'Amico,2005-04-03
1751,Don Vittorio DiMaggio,1995-02-12
1542,Shasta,1992-11-12
1304,El Barto,1990-10-18
3208,Living tree,2011-12-11
1980,Shary Bobbins,1997-02-07
1667,Willie,1994-01-06
3032,Bart-Beard the Pirate,2010-02-21
1869,George Bush,1996-01-14
2683,Coach Krupt,2006-02-26
1697,Marge's Dream Lover,1994-09-11
2920,Ruthie,2008-11-09
1723,Wendell,1994-10-30
3180,Wayne Slater,2011-09-25
2835,Sasha,2007-11-18
1661,Carl,1994-01-06
2601,Officer Krackney,2005-04-03
1015,Lewis Clark,1989-12-17
2305,Diablo,2000-12-10
2185,William Milo,1999-09-26
2268,Mrs. Mann,2000-05-14
3262,Mrs. Samson,2012-11-04
1672,Stacy Lovell,1994-02-17
1265,News Reporter (Some Enchanted Evening 2),1990-05-13
1492,Donna,1992-02-27
3361,Bart's Younger Son,2014-04-13
2674,Myra,2006-01-29
1185,Apu Nahasapeemapetilon,1990-02-25
1412,Asa Glick,1991-05-09
2152,Trucker 1,1999-03-28
2160,Trucker 3,1999-03-28
2159,Trucker 2,1999-03-28
2164,Trucker 5,1999-03-28
2163,Trucker 4,1999-03-28
2199,Garth Trelawny,1999-10-24
2165,Trucker 6,1999-03-28
1630,James Brown (character),1993-11-11
1960,Girl playing soccer,1996-12-15
1175,Bigfoot,1990-02-18
1994,Donny's Discount Gas,1997-04-27
1749,E-mail,1995-02-05
1080,Tanya,1990-01-14
1114,Itchy,1990-01-28
1017,Girl with glasses,1989-12-17
2178,Loch Ness Monster,1999-05-02
3127,Mike (Moms I'd Like to Forget),2011-01-09
1157,Cowboy Bob,1990-02-18
1587,Snowball III,1993-05-06
1928,Hugo Simpson,1996-10-27
2863,County fair judge,2008-04-27
1123,Springfield Nuclear Power Plant Wife,1990-01-28
2273,St. Peter,2000-11-01
2785,Faun Largo,2007-04-22
2549,Michael Ironside,2004-02-15
3120,Danny,2011-01-09
1367,Raphael,1991-01-31
2048,Barbara Van Horne,1997-12-07
3185,The Penguin,2011-09-25
2348,Lord Montymort,2001-11-06
2625,Dean Martin,2005-05-15
1388,Reverend Lovejoy,1991-03-28
2711,Metallica,2006-09-10
1714,Maw Spuckler,1994-10-02
3281,Hungry Spuckler Baby,2013-02-10
2557,AT-AT,2004-03-21
2392,Brazilian Yes Guy,2002-03-31
3235,Pauline Pfeiffer,2012-02-12
1301,Karl,1990-10-18
2821,Dwight Diddlehopper's Accomplice,2007-10-14
2966,Sam (senior),2009-04-19
2942,Two-nicorn,2009-01-25
2713,The Callibricis,2006-09-10
2519,Tyler,2004-01-04
1891,Lewis' Grandfather,1996-04-28
3333,The Collider,2014-01-05
2903,Nacho Bot,2008-11-02
1776,Springfield Pet Shop owner,1995-04-09
2715,The White Stripes,2006-09-17
3360,Bart's Elder Son,2014-04-13
3014,Charlie's adoptive family,2009-12-13
1483,Mayor Quimby's Body Guards,1992-02-06
2681,Stavros,2006-01-29
3210,Patty's Lovebot,2011-12-11
2267,Admiral Mann,2000-05-14
1666,Snake,1994-01-06
2254,Maggie Jr.,2000-03-19
1996,The Happy Sumo,1997-04-27
1645,Colonel Klink,1993-12-09
2906,Plopper,2008-11-02
2148,Waiter,1999-03-28
2139,Gyro,1999-01-17
2838,Opal,2007-11-18
1507,Mr. Stankey,1992-05-07
2647,Elisha Gray,2005-09-18
3406,Jack Lassen,2014-11-16
2002,Betty,1997-05-11
2246,Rupert Murdoch,2000-02-20
3168,Fit Tony (Fat Tony),2011-05-01
2426,Myrna Bellamy,2002-05-19
2614,Ray Magini,2005-05-08
2979,Kenny,2009-04-26
3402,[Sanjay Nahasapeemaptilon]],2014-11-09
1826,Mickey Rooney,1995-09-24
3489,Fidel Castro,2016-11-13
2836,Zach D.,2007-11-18
3450,Candace,2015-09-27
3363,Lisa's Friend 2,2014-05-04
1350,Akira,1991-01-24
3365,Lisa's Friend 4,2014-05-04
3099,Bill James (character),2010-10-10
1133,Sophie Jensen,1990-02-04
2962,Gloria's Younger Son,2009-04-19
2018,Seymour Skinner (real),1997-09-28
2133,Smash Diggins,1999-01-17
1258,Guitarist,1990-05-13
2479,Declan Desmond,2003-03-30
1896,Retirement Castle Nurse,1996-04-28
2698,Math teacher,2006-04-30
1918,Ben (Summer of 4 Ft. 2),1996-05-19
1856,Buzz Aldrin (character),1995-12-03
1226,Flight Attendant,1990-04-15
1044,Fred (Simpsons Roasting on an Open Fire),1989-12-17
1384,Lucille Botzcowski,1991-03-07
2083,Giant Handed Man,1998-03-29
3207,Heathrow Teleport Departures Worker,2011-12-11
1684,Gerald Samson,1994-04-28
1109,Mr. Gammel,1990-01-28
2277,Mother Bear,2000-11-01
2916,Count Fudge-ula,2008-11-09
3272,Corduroy,2012-12-09
3401,Morbo,2014-11-09
3465,Intense Girl,2015-12-06
1373,Ms. Finch,1991-02-14
1806,Shelbyville Manhattan,1995-05-14
1096,Waylon Smithers,1990-01-21
2301,Number 21,2000-12-03
2299,Number 27,2000-12-03
1894,Asa Phelps,1996-04-28
3397,Amy Wong,2014-11-09
1970,Marvin the Martian,1997-01-12
1774,Nelson Muntz Jr.,1995-03-19
1034,Santa Claus,1989-12-17
2913,Beatrice (Dangerous Curves),2008-11-09
2673,Mason Fairbanks,2006-01-08
1252,Chez Paree Lobsters,1990-05-13
3354,Bart,2014-03-23
1539,Ron,1992-11-12
3011,The Simpson daughter,2009-12-13
1966,Convicted Man,1996-12-29
3078,Gloria's Daughter,2010-05-23
2096,Cocoa,1998-04-19
2371,Roy,2002-01-20
1851,Rupert Murdoch (character),1995-11-26
2561,Moonhilda,2004-03-28
2179,Stephen Hawking (character),1999-05-09
2140,Dorothy,1999-01-17
2596,Ling Bouvier,2005-03-13
2734,Italian Pete,2007-01-07
3257,Glutton,2012-10-07
2858,Unnamed Ballet Dancer,2008-03-30
1825,Radioactive Man (character),1995-09-24
1230,Mrs. Hoxha,1990-04-15
1823,Sara (Springfield Elementary Student),1995-09-24
3241,Portal Turret,2012-03-18
1292,Anniversary Singer,1990-10-18
1011,Wendell Borton,1989-12-17
1897,Sheldon Skinner,1996-04-28
2325,L.T. Smash,2001-02-25
2977,Popular Girl 4,2009-04-26
1710,Disgruntled Goat,1994-10-02
2582,Goose Gladwell,2004-12-12
2181,Chuck Garabedian,1999-05-16
1362,Ms. Bloomenstein,1991-01-31
2322,Big-eyed girl,2001-02-18
2474,Horace Wilcox,2003-03-09
3253,Chicagoan man,2012-05-20
2468,Alex (I'm Spelling as Fast as I Can),2003-02-16
1326,Tony Bennett (character),1990-11-08
1347,Julius Hibbert,1991-01-10
1637,Fat camper,1993-11-18
2006,Ozmodiar,1997-05-11
2252,Dr. Velimirovic,2000-02-27
1445,Avery Devereaux,1991-10-17
2685,Bighorn sheep,2006-03-12
1223,Ugolin,1990-04-15
2327,Tommy,2001-03-04
3331,Emily Beth (page does not exist),2014-01-05
1742,Dr. Zweig,1994-12-18
2010,Franklin,1997-05-18
2898,Carnage Destructicus,2008-11-02
1977,Captain Horatio McCallister,1997-02-07
1009,Snowball I,1989-12-17
2447,Frank Grimes Jr.,2002-12-15
1965,Dr. Foster,1996-12-29
2482,Andy (deceased),2003-03-30
2958,The Parson,2009-03-29
1659,Grampa,1994-01-06
2145,Lorne Michaels (page does not exist),1999-02-07
1187,Space Mutants,1990-02-25
3213,The Nahasapeemapetilon Octuplets' Octuplets,2011-12-11
2384,Snowball V,2002-02-24
2026,Apu Nahasapeemapetilon Sr. (page does not exist),1997-11-16
2497,Clara Stetson,2003-04-27
2342,Lugash,2001-05-13
1883,Tyler's Sister,1996-03-31
2743,Incest Spuckler,2007-03-04
3255,Alec Baldwin (character),2012-09-30
1302,Sexy Assistant,1990-10-18
1178,Kent Brockman,1990-02-25
3229,Jerri Mackleberry,2012-02-12
2609,Uni-clams,2005-04-17
2463,Colonel Sanders,2003-02-09
3302,Ramona,2013-05-19
3278,Mav,2013-01-27
2027,Hazel,1997-11-16
2127,Squeaky-voiced teen (page does not exist),1998-12-20
2846,Stefane August,2008-01-27
1191,Theater Guy,1990-02-25
2517,Roofi,2004-01-04
3088,Dutch policeman,2010-09-26
1214,Rev. Lovejoy's Aide,1990-03-25
2344,Frog Prince,2001-11-06
3076,Connie Flanders,2010-05-16
2069,Wiggle Puppy,1998-03-22
2200,Luigi's Chef (page does not exist),1999-10-24
3125,Rachel (The Cool Moms),2011-01-09
2286,The Who,2000-11-05
1812,Shelbyville lemonade boy,1995-05-14
2938,Juliet Hobbes,2009-01-25
1168,News Reporter (Call of the Simpsons),1990-02-18
1956,Pyro,1996-12-01
1374,Pink Sedan,1991-02-14
1432,Edna,1991-10-03
1577,Bobby Mindix,1993-04-15
2241,Ak,2000-02-20
3335,Kumiko's father,2014-01-12
2930,Mapple Store,2008-11-30
1951,Michael Buffer,1996-11-10
2194,Utter's Dad (page does not exist),1999-10-24
1121,Reformed Dad,1990-01-28
1628,Benedict Arnold (page does not exist),1993-10-28
2852,Betsy Bidwell,2008-03-09
1405,Babysitter,1991-05-02
1953,Larry Burns,1996-11-17
2057,Gil,1998-02-22
2521,Surly Duff,2004-01-04
2033,Lucky,1997-11-16
1489,Music teacher,1992-02-27
2195,Utter's Mom (page does not exist),1999-10-24
2801,Uter Zorker,2007-07-27
3044,Milford Van Houten,2010-02-21
1259,Happy Green Idiots,1990-05-13
3147,Springfield City Zoo,2011-01-23
1406,Jonathan Frink,1991-05-09
2577,Lewis Lapham,2004-12-05
1068,Calvin,1990-01-14
1541,Candy,1992-11-12
1125,Troubled Mom,1990-01-28
1973,Frank Ormand,1997-01-19
1817,Tito Puente (character),1995-05-21
1509,Mr. Black,1992-09-24
3149,Lady Gaga (character),2011-02-20
1142,Jacqueline Bouvier,1990-02-11
1224,Maurice,1990-04-15
3352,Chester (The Winter of His Content),2014-03-16
2910,Neil Armstrong (page does not exist),2008-11-02
1463,Colette,1991-11-21
3080,Simon Cowell,2010-05-23
1222,Cesar,1990-04-15
2984,City inspector,2009-05-03
3250,Onward Christian Schoolboys Academy teacher,2012-05-13
1145,Howard,1990-02-11
1074,Ian (Bart the Genius),1990-01-14
3026,Fatov,2010-02-14
1441,Roy Snyder,1991-10-10
2925,Bashir bin Laden,2008-11-30
1885,Tyler's father,1996-03-31
1852,Matt Groening (character),1995-12-03
2077,Mr. Sulu (page does not exist),1998-03-29
2141,Trent Steele,1999-02-07
2933,Moe's Tavern,2008-11-30
2571,Sherri and Terri's cousin,2004-05-09
1656,Janey,1993-12-16
2990,Waverly Hills Elementary School groundskeeper,2009-05-03
1546,Retirement Castle adminstrator (Bart the General),1992-11-12
1103,Bobo (Dog),1990-01-28
1270,Marty,1990-10-11
1006,Patty Bouvier,1989-12-17
1839,Paul McCartney (character),1995-10-15
1999,Springfield Zoo,1997-04-27
2701,Mark (Regarding Margie),2006-05-07
1847,Dr. Julius Hibbert,1995-11-05
1872,Disco Stu,1996-01-14
1076,J. Loren Pyror,1990-01-14
3018,Rabbi Hyman Krustofski,2010-01-10
3162,Esther (The Great Simpsina),2011-04-10
2669,Stan Smith,2005-12-11
2346,Ultrahouse 3000,2001-11-06
1795,Benevenstanciano,1995-05-07
2749,Crystal Meth Spuckler,2007-03-04
3311,FBI Agent 2 (Homerland),2013-09-29
2507,Maggie's Bedroom Rat,2003-11-09
3491,Blake,2016-11-20
2290,Kearney Jr. (page does not exist),2000-11-12
2298,Number 15,2000-12-03
2664,Titi,2005-12-11
2300,Number 12,2000-12-03
1651,Kirk,1993-12-16
2615,Lisa's hamster,2005-05-08
3109,Lewis' Mother,2010-11-21
1553,Sebastian Cobb,1993-01-14
1700,Mr. Taylor,1994-09-11
3133,Late shift worker 2,2011-01-16
3444,Annika Van Houten,2015-05-03
1040,Cashier (Springfield Downs),1989-12-17
2904,ATM Bot,2008-11-02
2923,Martin Luther King Jr.,2008-11-30
2222,Uma Nahasapeemapetilon,1999-11-21
1565,Bill Clinton,1993-02-11
1267,Half-Bald Worker,1990-05-13
1574,Chuck,1993-04-01
1689,Jimbo Junior,1994-05-05
2071,Leprechaun,1998-03-22
1232,Agnes Skinner,1990-04-15
1059,Whirlwind,1989-12-17
2208,Robert Evans (character),1999-10-31
2210,Kid Rock (character),1999-10-31
1886,Superintendant Chalmers,1996-04-14
3291,Nick Fury,2013-03-17
1442,Cocoa Beanie,1991-10-10
1939,Gordy,1996-11-03
1181,Female Victim,1990-02-25
3332,Channing Tatum,2014-01-05
2728,Galahad,2006-12-10
1231,Police Officer (The Crepes of Wrath),1990-04-15
2475,Terrance (prisoner),2003-03-16
2003,Fake Lisa Simpson,1997-05-11
1079,Sydney Swift,1990-01-14
3346,Dockio (character) (page does not exist),2014-01-12
1028,Mall Santa Girl,1989-12-17
1243,Foreperson,1990-04-29
2251,Jeremy Jailbird,2000-02-27
2981,Mr. Zörker,2009-04-26
1855,Race Banyon,1995-12-03
1981,Itchy and Scratchy,1997-02-07
1727,Prehistoric Earth,1994-10-30
2540,Queen Elizabeth I,2004-02-08
2718,Golem of Prague,2006-11-05
3378,Pediculus Spuckler,2014-10-12
1811,Database's father,1995-05-14
2328,Kyle's Mother,2001-03-04
3033,Abigail Simpson,2010-02-21
1529,William Shakespeare,1992-10-29
1198,Mall Cop,1990-03-18
2197,Jamie Killday,1999-10-24
2455,Mugger,2003-02-02
1054,Dog O' War,1989-12-17
2960,King Homer (character),2009-03-29
1170,Phil (reporter),1990-02-18
3042,Patrolman 2,2010-02-21
1413,Timothy Lovejoy Jr.,1991-08-11
3143,Melody Juniper,2011-01-16
2452,Gravedigger Billy,2003-01-12
2781,Sussexton-Hamptonshire-Unleath,2007-04-22
1169,Park Ranger,1990-02-18
2373,Joey,2002-01-20
3141,Neil Patrick Hairless,2011-01-16
3471,Carol Berrera,2016-01-10
1625,Donut Lady,1993-10-28
2367,Dia-Betty,2002-01-20
1399,Long-haired girl,1991-04-25
2768,Milhouse (Earthland Realms),2007-04-22
3443,King Toot,2015-04-19
1120,Receptionist,1990-01-28
1173,Springfield bears,1990-02-18
2882,Agnes,2008-09-28
2662,Angelica,2005-11-27
2115,Kim Basinger,1998-11-08
2049,Patches,1997-12-21
2631,Sister Thomasina,2005-05-22
2558,Randall Curtis,2004-03-21
1586,Phillips,1993-05-06
2462,Buddha,2003-02-09
3027,Bob Costas,2010-02-14
1694,Amish Man,1994-09-04
1701,Blue Afro hair girl,1994-09-11
2376,Jeff Albertson,2002-01-27
1458,Millicent,1991-11-07
1254,Curious Bear Cub,1990-05-13
2741,Darcy,2007-02-11
2014,Duffman,1997-09-21
2798,Green Day,2007-07-27
1140,Old Jewish Man,1990-02-04
1593,Bette Midler,1993-05-13
2935,Old Springfield Mall,2008-11-30
1495,Mr. Montone,1992-02-27
2501,Duff McShark,2003-05-04
1519,Ashley,1992-10-15
1834,Shoshanna,1995-10-08
2565,Raoul,2004-04-25
1615,George H. W. Bush,1993-10-21
2390,Ronaldo,2002-03-31
2234,Benjamin (nerd),2000-01-16
1711,Uncle Ant,1994-10-02
3160,The Mighty Chimpopo,2011-04-10
2705,Adam,2006-05-14
2176,Willie's Mother,1999-05-02
1247,Judge Roy Snyder,1990-04-29
1859,Xoxochitla,1995-12-17
1094,Sam,1990-01-21
1969,List of Other Media References in The Simpsons,1997-01-12
2481,Ed McMahon (character),2003-03-30
1634,Sailor,1993-11-18
3039,Colonel Burns,2010-02-21
1799,McGriff the Crime Dog,1995-05-07
1583,Jeremy Freedman,1993-04-29
1658,Molloy,1994-01-06
3020,Gloria's Husband,2010-01-31
1665,Sanjay,1994-01-06
1119,Marvin Monroe,1990-01-28
3137,Calliope Juniper,2011-01-16
2574,Contractor,2004-11-14
2666,Gino Terwilliger,2005-12-11
3189,Kim Jong-il (character),2011-09-25
1652,Gerry Cooney,1993-12-16
3041,Patrolman 1,2010-02-21
1425,Martin Prince Sr.,1991-10-03
2120,Pinchy,1998-11-22
1457,Doris Freedman,1991-11-07
2038,Apu's Relative (page does not exist),1997-11-16
1052,Christmas Tree Farm Hounds,1989-12-17
1556,Gladys Bouvier,1993-01-21
1911,Brown-Haired Man,1996-05-05
1348,Dr. Nick Riviera,1991-01-10
3259,Glutton's wife,2012-10-07
2310,Philip J. Fry,2001-01-07
1443,Chuck (Bart the General),1991-10-17
1182,Jebdiah Actor,1990-02-25
1360,M-Z Counselor,1991-01-31
3436,Lady Duff,2015-02-15
2618,Robin Hood (page does not exist),2005-05-08
1099,Uranium 235 Rods,1990-01-21
3481,Jay Leno (character),2016-05-08
3493,Wayne Gretzky (character),2016-12-11
3048,Sam (Postcards from the Wedge),2010-03-14
1882,Tyler (Male 3rd Grader),1996-03-31
2970,Shauna,2009-04-19
2007,The Commandant,1997-05-18
1925,The Smashing Pumpkins,1996-05-26
3338,Charcoal Briquette,2014-01-12
3123,Anita,2011-01-09
2729,Malicious Krubb,2006-12-10
3117,Nicky Bluepants Altosaxophony,2010-12-12
3178,Frink's Robot Dog,2011-05-15
2439,Tom Petty,2002-11-10
1031,Rod Flanders,1989-12-17
2562,Skin Mites,2004-03-28
2084,Asian Gang Member (page does not exist),1998-03-29
2437,Gil's Farm,2002-11-03
2886,Scarlet Tanager,2008-10-05
3194,Jesus,2011-11-06
2379,Otm Shank,2002-01-27
3480,Andrew Rannells (character),2016-04-10
1093,Nuclear Waste,1990-01-21
1482,Mr. Teeny,1992-02-06
2763,Pig Man Wiggum,2007-04-22
1345,Blue-haired Lawyer,1991-01-10
1757,Andy (Bart vs. Australia),1995-02-19
1415,Joey Crusher,1991-08-11
1315,The Raven Narrator,1990-10-25
2637,Caleb Thorn,2005-09-11
1387,Dr. Hibbert,1991-03-28
1631,Old Jewish man,1993-11-11
1227,Bart Junior (frog),1990-04-15
2630,Just Stamp The Ticket Man,2005-05-22
2672,Joe Frazier,2006-01-08
2483,Jimmy the Snitch,2003-03-30
2360,Ralph Nader,2002-01-06
1927,Sonic Youth,1996-05-26
1332,Retirement Castle Administrator,1990-11-22
1668,Martha Quimby,1994-02-03
1756,Gus,1995-02-19
1798,Fitz,1995-05-07
3321,Rachel Maddow (character),2013-11-03
1417,Marge,1991-10-03
1954,Belle,1996-11-24
1476,Captain Lance Murdock,1992-01-09
3228,El Puerco's second girlfriend,2012-02-12
3433,Pharrell Williams (Character),2015-02-08
2063,Wesley Wiggum,1998-03-08
1923,Cypress Hill,1996-05-26
1241,Database,1990-04-29
2997,Thor Bjorn,2009-05-17
1647,The Rich Texan,1993-12-16
2279,Rapunzel,2000-11-01
2677,Serious Homer,2006-01-29
2998,Montgomery Burns,2009-05-17
1998,Springfield Dump,1997-04-27
2315,Matt Groening,2001-02-04
2143,Homer Simpson (Police Cops),1999-02-07
2271,Blue-Haired Lawyer,2000-05-21
1735,Ashley Grant,1994-11-27
2151,Female trucker,1999-03-28
2528,Temperance Barrows,2004-01-25
2092,Crazy Cat Lady,1998-04-19
3084,Cory Monteith (character),2010-09-26
3224,Michael Cera,2012-02-12
1840,Linda McCartney (character),1995-10-15
3154,Dr. Zander,2011-03-27
3090,Richard Branson,2010-10-03
1019,Richard,1989-12-17
2747,Whitney Spuckler,2007-03-04
1503,Timothy Lovejoy Sr.,1992-04-09
2103,C. W. McAllister,1998-05-03
3071,Ms. Dubinsky,2010-05-02
1257,Drummer,1990-05-13
3384,Jeffistopheles (page does not exist),2014-10-19
1972,Dana Scully,1997-01-12
1141,Arcade Kid,1990-02-11
2157,Female actress,1999-03-28
2622,Charlie Brown (picture),2005-05-15
2563,Tyrone Simpson,2004-04-25
1705,Itchy &amp; Scratchy robots,1994-10-02
2802,John,2007-07-27
3047,Bill (Postcards from the Wedge),2010-03-14
1355,McBain,1991-01-31
2805,Wally Kogen,2007-07-27
2434,Ben Stiller,2002-05-22
1900,Etch Westgrin,1996-04-28
3367,Booth Wilkes-John,2014-05-11
1829,Helen Feesh,1995-10-08
3086,Von Krusten,2010-09-26
3138,Dewey,2011-01-16
3157,Cregg Demon's son,2011-04-10
1217,Al Simmons,1990-03-25
1898,Arnie Gumble,1996-04-28
1846,Duff Cowboy (page does not exist),1995-10-29
2250,Titania,2000-02-27
1051,Screaming Woman,1989-12-17
1468,Chocolate Bunnies,1991-12-05
1873,Evelyn Peters,1996-02-04
2040,Ernst,1997-11-16
1485,Gregory,1992-02-06
2458,Unamed emcee,2003-02-02
1166,French Scientist,1990-02-18
2136,Jesus Christ,1999-01-17
1225,Communist General,1990-04-15
1562,Mr. Muntz,1993-02-04
2941,Queen Valedictoria,2009-01-25
1039,Barney Gumble,1989-12-17
2105,Larry (driver),1998-05-10
2490,Weird Al Yankovic (character),2003-04-13
1084,Jasper Beardly,1990-01-21
1494,Steve Allen (character),1992-02-27
1946,Mr. Zzyzwicz,1996-11-10
2239,Furious D,2000-02-06
2381,Funzo,2002-02-10
3094,Mrs. Scratchy,2010-10-03
1361,Mr. Burns,1991-01-31
1002,Bart Simpson,1989-12-17
3396,Turanga Leela,2014-11-09
1997,Old Springfield Library,1997-04-27
1899,Iggy Wiggum,1996-04-28
1893,Judge Muntz,1996-04-28
2924,Steve Mobbs,2008-11-30
3277,Keith's wife,2013-01-27
1477,Melvin Van Horne,1992-01-23
2936,World Headquarters,2008-11-30
1836,José Flanders,1995-10-15
2230,Jim Hope,1999-12-19
1660,Moe,1994-01-06
1416,Homer,1991-10-03
2841,Billy the Kid,2007-11-25
1229,Mr. Hoxha,1990-04-15
2039,Cornelius Talmadge,1997-11-16
1237,Brittany (Krusty Gets Busted),1990-04-29
2125,Mark Hamill,1998-12-20
2193,Lifeways Editor,1999-10-24
3376,Gitmo Spuckler,2014-10-05
3440,Kid Sourpuss,2015-03-15
1137,Milhouse's Friend,1990-02-04
2547,Lester (Milhouse Doesn't Live Here Anymore),2004-02-15
3457,Hoppy,2015-10-11
2755,Elton John (character),2007-03-25
2883,Cherry Darling,2008-09-28
1964,The Happiest Man in Springfield,1996-12-29
1312,Serak the Preparer,1990-10-25
1199,Sirloin Staff,1990-03-18
3035,Eve Simpson,2010-02-21
1036,Seymour Skinner,1989-12-17
2202,Tour Guide (page does not exist),1999-10-24
2126,R2-D2,1998-12-20
2793,Harry Plopper,2007-07-27
3005,Ted,2009-11-15
1963,The Warden,1996-12-29
3219,Yeti,2012-01-29
3136,Dr. Swig McJigger,2011-01-16
3317,Meg Griffin,2013-09-29
3129,Tyler (Moms I'd Like to Forget),2011-01-09
3073,Prince Charles,2010-05-02
1112,Great Family,1990-01-28
1709,Bort (man),1994-10-02
2354,Paul Newman (character),2001-12-09
1982,Godzilla,1997-02-16
3454,Evergreen Terrace,2015-10-04
3462,New Beginnings Nurse,2015-12-06
2216,Old Simpson Farm,1999-11-07
2896,Toaster Bot,2008-11-02
1782,Nanny,1995-04-09
1077,Cecile Shapiro,1990-01-14
1424,Great Dad,1991-10-03
3122,Mike Benzie,2011-01-09
3479,Homer Simpson Lookalike (The Burns Cage),2016-04-03
1134,Guard Dog,1990-02-04
2590,Tiffany Spuckler,2005-02-20
3209,Selma's Lovebot,2011-12-11
2772,Total stranger,2007-04-22
2779,The Moe imposter,2007-04-22
1794,Albert Dershman,1995-04-30
1602,The Human Fly,1993-09-30
1762,Charles Bronson,1995-03-05
1418,Maggie,1991-10-03
3017,Shirley Temple,2010-01-03
2682,Upward Bound director,2006-01-29
3091,Don's Daughter (page does not exist),2010-10-03
3222,Jamie Hyneman (character),2012-02-12
1336,Buck-toothed boy,1990-12-20
1695,Bart Cumberdale,1994-09-04
2382,Greta Wolfcastle,2002-02-17
1333,Mrs. Spencer,1990-11-22
1884,Tyler's Brother,1996-03-31
1408,Buddy Hodges,1991-05-09
1448,Aristotle Amadopolis,1991-10-17
2000,Frank Grimes,1997-05-04
1008,Santa's Little Helper,1989-12-17
3416,Spirit Guide,2014-11-16
3492,Tyler (Dad Behavior),2016-11-20
1117,Lou,1990-01-28
2101,Frankie the Squealer,1998-04-26
1933,Hank Scorpio,1996-11-03
2285,Flanders' pet woodpecker,2000-11-05
2075,Giant Donut (page does not exist),1998-03-29
3327,Isabel Gutierrez,2013-11-24
2967,Major Preston,2009-04-19
2100,Freddy Quimby,1998-04-26
1402,John S.,1991-05-02
3420,Blazing Guy Actor,2014-11-16
1506,Kirk Van Houten,1992-05-07
1025,Martin Prince,1989-12-17
2731,Dragon,2006-12-10
2688,Charles Heathbar,2006-03-26
1177,Bear Actor,1990-02-25
1153,White Kid,1990-02-11
2017,Lisa's Classmate 2,1997-09-28
1510,Lisa's Classmate 3,1992-09-24
2122,Lisa's Classmate 1,1998-11-22
2123,Lisa's Classmate 4,1998-11-22
2946,Mrs. Hobbes,2009-01-25
2581,SpongeBob SquarePants,2004-12-05
2650,Ben Cartwright,2005-09-18
3330,Prison inmate (page does not exist),2014-01-05
1930,Pigeon-Rat,1996-10-27
3069,Bluella,2010-04-25
2073,Donut Judge (page does not exist),1998-03-29
2667,Titi's sister,2005-12-11
3101,Mike Scioscia (character),2010-10-10
3215,Flight Passenger (future),2011-12-11
1213,Moon Guy,1990-03-25
1437,Fat Tony,1991-10-10
1961,Milhouse's Dog,1996-12-15
3329,Eddie Burns,2013-12-15
2885,Brian Grazer,2008-10-05
3314,Helburn,2013-09-29
2776,Cycloid Dolph,2007-04-22
2607,Becky,2005-04-17
2551,Eloise,2004-02-15
2686,Dan Castellaneta (character),2006-03-26
2536,Libido,2004-01-25
2366,Garth Motherloving,2002-01-20
2525,Coltrane,2004-01-11
1600,Ronald Reagan,1993-09-30
3139,Comic Book Gay,2011-01-16
2824,Cruise Line Man 1,2007-11-11
2825,Cruise Line Man 2,2007-11-11
3057,Nikki McKenna,2010-03-21
2352,Burly,2001-12-09
1712,Ku Klux Clam,1994-10-02
1633,Corporal Punisment,1993-11-11
2612,Sandeep,2005-04-17
2313,Jack Crowley,2001-01-14
1740,John F. Kennedy,1994-12-04
2191,Hosey the Bear,1999-10-03
2079,WWI Historical Recreationalist (page does not exist),1998-03-29
3383,Hellroads Teacher (page does not exist),2014-10-19
1664,Ms. Hoover,1994-01-06
1452,Lois Pennycandy,1991-10-24
3089,Head Judge,2010-09-26
2351,Gloria,2001-12-02
2265,Vicki Valentine,2000-05-07
1504,Samantha Stankey,1992-05-07
3382,Trudy Zangler,2014-10-12
2600,Mrs. Dexter,2005-04-03
2025,Brandine,1997-11-16
2291,Johnny Tightlips,2000-11-12
2819,Julia,2007-09-30
1841,Grampa Simpson,1995-10-29
3427,Don Bookner,2015-01-11
2833,Daniel Clowes (character),2007-11-18
3293,The Rambler,2013-03-17
3364,Lisa's Friend 3,2014-05-04
3267,Dr. Hibbert's Second Daughter,2012-11-25
3174,Nancy Drew,2011-05-15
1626,Blackbeard the Pirate (page does not exist),1993-10-28
2102,Oscar the Grouch,1998-04-26
1210,Hey Hey Guy,1990-03-25
2663,Lewis' lookalike,2005-12-11
1436,Professor Lombardo,1991-10-03
3343,Badgerine (page does not exist),2014-01-12
2877,Lucky Jim,2008-09-28
1358,Harlan Dondelinger,1991-01-31
1902,Milton Haas,1996-04-28
1244,Krusty's Lawyer,1990-04-29
1551,Hyman Krustofsky,1992-12-17
2737,Billy (The Wife Aquatic),2007-01-07
2804,Tab Spangler,2007-07-27
2546,Willie Tyler,2004-02-15
1609,Sir Oinks-A-Lot,1993-10-14
1184,Male Victim,1990-02-25
1242,The District Attorney,1990-04-29
2043,Stephen Jay Gould,1997-11-23
3148,Dr. Kissingher,2011-02-13
2260,Cieneta,2000-04-30
2629,Nelson,2005-05-22
2505,Mr. Largo,2003-05-18
1738,Al Gore,1994-12-04
2954,wikipedia:Glen Hansard,2009-03-22
1835,Grandma Van Houten,1995-10-08
2369,Mr. Mitchell,2002-01-20
2421,Carrie,2002-05-12
1159,Camping Woman,1990-02-18
2238,Furious George,2000-01-23
1100,Clancy Wiggum,1990-01-21
2047,Cookie Kwan,1997-12-07
2383,Wolfgang Puck,2002-02-17
2142,Ed Begley Jr.,1999-02-07
2336,Joan Bushwell,2001-04-01
1435,Jasper,1991-10-03
3344,Cap Anson (page does not exist),2014-01-12
2317,President of the United States,2001-02-04
2137,Stan Kadlubowski,1999-01-17
2972,Popular Girl 1,2009-04-26
3366,Popular Girl 3,2014-05-04
2971,Popular Girl 2,2009-04-26
1909,Manjula,1996-05-05
2905,Gerald,2008-11-02
2699,Scott Weingarten,2006-05-07
1205,Female Mail Carrier,1990-03-25
2099,U2,1998-04-26
3193,Miss Wyoming,2011-11-06
1730,Volleyball Coach,1994-11-13
2399,Lifeguard (page does not exist),2002-03-31
1369,Troy McClure,1991-02-07
3111,Raymond Bird,2010-11-28
2796,Multi-eyed squirrel,2007-07-27
2523,Eleanor Abernathy,2004-01-11
2543,Gladys Kravitz,2004-02-15
3275,Kyle's Sister,2013-01-13
1380,Powell Mansion,1991-02-21
3124,Connie,2011-01-09
3242,Leela,2012-04-15
1538,Laura Powers,1992-11-12
1906,Yuma Simpson (page does not exist),1996-05-05
2232,Poochie,2000-01-09
2692,Kavi,2006-04-09
1567,Sideshow Raheem,1993-02-11
1447,Magic Johnson (character),1991-10-17
1364,Coach Flanagan,1991-01-31
3132,Late shift worker 1,2011-01-16
2444,Gummy Sue Spuckler,2002-12-01
3134,Late shift worker 3,2011-01-16
2413,Stan Lee,2002-04-28
1434,Dr. Nick,1991-10-03
1316,Mary Bailey,1990-11-01
3036,Eliza Simpson,2010-02-21
2403,Talking Moon (page does not exist),2002-03-31
3232,Thisbe,2012-02-12
1955,Eugene and Rusty,1996-11-24
2397,Brazilian Policeman (page does not exist),2002-03-31
2761,Turkey Skinner,2007-04-22
2812,Ms. Samson,2007-07-27
1729,Gym Teacher,1994-11-13
1029,Ned Flanders,1989-12-17
1143,Arcade Cashier,1990-02-11
3056,Kevin (Stealing First Base),2010-03-21
2722,Angelica Button,2006-12-10
1090,Yendor,1990-01-21
1239,Scott Christian,1990-04-29
1055,Fido,1989-12-17
1606,Bobby Peterson,1993-10-14
1287,George Washington,1990-10-11
2515,Winnie the Pooh,2003-11-30
3298,Mrs. Mackleberry,2013-04-28
2086,Corn Seller (page does not exist),1998-03-29
2423,Robert Pinsky (character),2002-05-12
3320,The Fat in the Hat,2013-10-06
3463,Amelia Vanderbuckle,2015-12-06
1813,Speed-E-Mart owner,1995-05-14
1486,Stinky and Winckels,1992-02-13
3040,Virgil Simpson,2010-02-21
2244,Amy,2000-02-20
2168,Man in military uniform,1999-03-28
1816,Shelbyville Abe,1995-05-14
2242,Qtoktok,2000-02-20
1643,Stewart,1993-12-09
2295,Branford Marsalis,2000-11-19
2724,Lord Evilton,2006-12-10
2491,Cub Scout Troop Number 102,2003-04-13
3161,Cregg Demon,2011-04-10
1397,Mr. Bergstrom,1991-04-25
1136,Chuck (student),1990-02-04
1279,Ms. Phipps,1990-10-11
2320,Serena Williams,2001-02-11
3188,Viktor's wife,2011-09-25
1650,Luann,1993-12-16
1850,Probe Alien,1995-11-26
2964,Jenny,2009-04-19
1472,Cletus (I Married Marge),1991-12-26
2441,Dakota (Blond),2002-11-17
3034,Adam Simpson,2010-02-21
3380,Oxycontin Spuckler,2014-10-12
3043,Martha (librarian),2010-02-21
3437,Laney Fontaine,2015-02-15
1219,Suzie's Dad,1990-03-25
2870,Jesse,2008-05-18
1515,Sanjay Nahasapeemapetilon,1992-10-01
1221,American Spy,1990-04-15
2361,Choppy the Lumberjack,2002-01-06
3470,Angry Ricky,2016-01-03
1702,Mrs. Krabappel,1994-09-25
1007,Selma Bouvier,1989-12-17
2416,Morgan (3rd Grader),2002-05-12
1411,Alice Glick,1991-05-09
1772,Uncle Eldred,1995-03-19
1698,Brown-haired girl,1994-09-11
3264,Chester Dupree,2012-11-11
1866,Mario,1995-12-17
1260,KBBL Guy,1990-05-13
2207,Fred Rogers,1999-10-31
1922,Sandra (page does not exist),1996-05-26
1148,Player 1,1990-02-11
3392,Citizen Solar (page does not exist),2014-11-02
1057,Quadruped,1989-12-17
3252,Lady Gaga,2012-05-20
2778,Ronaldo (character),2007-04-22
3377,Minimum Wade Spuckler,2014-10-12
2119,Bob Hope (character),1998-11-15
3391,Wind Lad (page does not exist),2014-11-02
2539,Mary-Kate and Ashley Olsen (characters),2004-01-25
2319,Venus Williams,2001-02-11
1449,Mrs. Smithers,1991-10-17
1318,Burns' Campaign Team,1990-11-01
2016,Khlav Kalash vendor,1997-09-21
